Setting,Scenario,Protocol,Runs,Goodput_Mbps_Mean,Goodput_Mbps_Std,Goodput_Mbps_CI95,Delay_ms_Mean,Delay_ms_Std,Delay_ms_CI95,Jitter_ms_Mean,Jitter_ms_Std,Jitter_ms_CI95,Loss_pct_Mean,Loss_pct_Std,Loss_pct_CI95,Jain_Mean,Jain_Std,Jain_CI95
tcp_only,asymmetric_high,TcpBbr,3,837.692827,7.915025,19.663600,0.476150,0.003122,0.007756,0.003426,0.001529,0.003798,0.016359,0.005293,0.013150,0.996393,0.002413,0.005994
tcp_only,asymmetric_high,TcpCubic,3,836.972165,4.306488,10.698773,0.492259,0.008578,0.021311,0.004899,0.000651,0.001617,0.014358,0.002687,0.006675,0.997809,0.001834,0.004557
tcp_only,asymmetric_high,TcpNewReno,3,826.853109,21.129337,52.492420,0.470164,0.039469,0.098054,0.003687,0.003137,0.007794,0.015232,0.004068,0.010105,0.996987,0.001669,0.004147
tcp_only,asymmetric_high,TcpSwift,3,893.073835,30.674858,76.206721,0.477453,0.018101,0.044968,0.004354,0.001523,0.003784,0.014565,0.003622,0.008999,0.998444,0.001636,0.004065
tcp_only,congested_heavy,TcpBbr,3,418.732453,13.970769,34.708115,0.930499,0.107880,0.268011,0.006408,0.004067,0.010103,0.019875,0.004862,0.012079,0.998698,0.001485,0.003689
tcp_only,congested_heavy,TcpCubic,3,416.656309,10.369697,25.761835,0.930693,0.079801,0.198254,0.007914,0.003512,0.008725,0.017923,0.007237,0.017980,0.998576,0.000840,0.002087
tcp_only,congested_heavy,TcpNewReno,3,410.179632,12.169440,30.233006,0.935560,0.090587,0.225048,0.008968,0.005864,0.014568,0.013480,0.002792,0.006935,0.997394,0.001303,0.003236
tcp_only,congested_heavy,TcpSwift,3,450.919888,13.253903,32.927178,0.929602,0.088134,0.218955,0.007745,0.003382,0.008401,0.018564,0.004863,0.012082,0.998401,0.000761,0.001891
tcp_only,congested_light,TcpBbr,3,4215.634960,128.529393,319.310482,0.092356,0.009139,0.022705,0.000726,0.000224,0.000556,0.014563,0.006081,0.015108,0.999592,0.000482,0.001198
tcp_only,congested_light,TcpCubic,3,4319.309749,95.503307,237.262515,0.100391,0.008012,0.019905,0.001115,0.000154,0.000382,0.015831,0.003590,0.008918,0.999849,0.000119,0.000296
tcp_only,congested_light,TcpNewReno,3,4171.334811,150.819541,374.686749,0.091139,0.008214,0.020406,0.000850,0.000274,0.000680,0.013066,0.005538,0.013759,0.999814,0.000223,0.000554
tcp_only,congested_light,TcpSwift,3,4508.035403,228.480998,567.624074,0.091751,0.010922,0.027133,0.000885,0.000183,0.000455,0.013983,0.004557,0.011321,0.999604,0.000220,0.000547
tcp_only,congested_medium,TcpBbr,3,1704.335045,48.534513,120.576145,0.223511,0.022628,0.056217,0.001749,0.000095,0.000237,0.015492,0.006929,0.017213,0.999479,0.000526,0.001307
tcp_only,congested_medium,TcpCubic,3,1718.501211,43.955742,109.200930,0.235183,0.018184,0.045176,0.001662,0.001163,0.002891,0.015534,0.003467,0.008614,0.999713,0.000136,0.000337
tcp_only,congested_medium,TcpNewReno,3,1668.103461,75.102549,186.580133,0.220734,0.030766,0.076433,0.001865,0.000962,0.002391,0.013523,0.007257,0.018028,0.998857,0.001118,0.002777
tcp_only,congested_medium,TcpSwift,3,1868.685296,35.514728,88.230597,0.219789,0.024096,0.059864,0.001693,0.000639,0.001587,0.014483,0.005914,0.014693,0.999490,0.000114,0.000282
tcp_only,cross_dc_wan,TcpBbr,3,839.461525,24.367236,60.536455,5.380389,0.142237,0.353365,0.036882,0.024903,0.061868,0.016787,0.005366,0.013330,0.998922,0.000307,0.000762
tcp_only,cross_dc_wan,TcpCubic,3,840.059643,23.735248,58.966384,5.489167,0.073453,0.182481,0.051274,0.014060,0.034930,0.017287,0.006337,0.015744,0.996511,0.000670,0.001665
tcp_only,cross_dc_wan,TcpNewReno,3,830.098059,23.339771,57.983885,5.628846,0.104115,0.258657,0.052984,0.024459,0.060763,0.013370,0.005445,0.013527,0.997263,0.002282,0.005670
tcp_only,cross_dc_wan,TcpSwift,3,882.414283,9.637091,23.941793,5.479604,0.113854,0.282853,0.042178,0.016901,0.041988,0.015431,0.003582,0.008900,0.998314,0.000697,0.001732
tcp_only,cross_pod_10g,TcpBbr,3,8417.428565,198.243912,492.504924,0.100226,0.005222,0.012974,0.000898,0.000351,0.000872,0.013996,0.005744,0.014270,0.999229,0.000748,0.001858
tcp_only,cross_pod_10g,TcpCubic,3,8607.868256,84.474604,209.863487,0.105750,0.003182,0.007904,0.000602,0.000419,0.001040,0.014858,0.002925,0.007266,0.999777,0.000332,0.000825
tcp_only,cross_pod_10g,TcpNewReno,3,8350.357136,239.031318,593.834637,0.104273,0.005230,0.012993,0.000426,0.000168,0.000416,0.010076,0.003237,0.008043,0.999170,0.001236,0.003070
tcp_only,cross_pod_10g,TcpSwift,3,9423.578939,32.347817,80.362919,0.104248,0.006228,0.015472,0.000624,0.000258,0.000640,0.013299,0.004025,0.009998,0.999359,0.000660,0.001640
tcp_only,cross_pod_20g,TcpBbr,3,17154.814581,201.703453,501.099595,0.080605,0.001358,0.003375,0.000751,0.000226,0.000562,0.017135,0.004463,0.011088,0.998822,0.001938,0.004815
tcp_only,cross_pod_20g,TcpCubic,3,17166.725029,75.980365,188.760924,0.083013,0.000665,0.001652,0.000653,0.000279,0.000693,0.018071,0.000717,0.001781,0.999420,0.000521,0.001295
tcp_only,cross_pod_20g,TcpNewReno,3,16814.934949,167.164785,415.293863,0.084162,0.001442,0.003582,0.000728,0.000159,0.000394,0.011374,0.000887,0.002204,0.999447,0.000511,0.001270
tcp_only,cross_pod_20g,TcpSwift,3,18228.899915,382.696892,950.748510,0.082265,0.000556,0.001382,0.000701,0.000170,0.000421,0.014996,0.002663,0.006616,0.999496,0.000563,0.001400
tcp_only,dc_100g,TcpBbr,3,84076.301957,2059.183252,5115.707630,0.007940,0.000477,0.001184,0.000057,0.000035,0.000088,0.011849,0.002202,0.005471,0.998724,0.000764,0.001898
tcp_only,dc_100g,TcpCubic,3,84218.561333,782.952831,1945.119633,0.008080,0.000246,0.000610,0.000045,0.000017,0.000042,0.012908,0.001947,0.004838,0.998710,0.000954,0.002370
tcp_only,dc_100g,TcpNewReno,3,83336.620651,360.829095,896.421508,0.008103,0.000110,0.000274,0.000048,0.000018,0.000044,0.012401,0.002236,0.005555,0.999290,0.000337,0.000838
tcp_only,dc_100g,TcpSwift,3,89489.052085,1183.506141,2940.229527,0.007964,0.000338,0.000840,0.000047,0.000012,0.000029,0.011131,0.000875,0.002174,0.999640,0.000343,0.000853
tcp_only,dc_100m,TcpBbr,3,84.202331,2.677637,6.652156,4.450573,0.577886,1.435664,0.039711,0.016536,0.041081,0.019077,0.006441,0.016002,0.999167,0.000490,0.001218
tcp_only,dc_100m,TcpCubic,3,85.559392,0.080349,0.199613,4.682299,0.070996,0.176379,0.027269,0.010588,0.026305,0.016144,0.003429,0.008519,0.999383,0.000399,0.000990
tcp_only,dc_100m,TcpNewReno,3,82.991099,2.508800,6.232709,4.346959,0.407541,1.012471,0.035890,0.016496,0.040981,0.013978,0.002454,0.006096,0.999246,0.000417,0.001036
tcp_only,dc_100m,TcpSwift,3,91.215952,2.971589,7.382432,4.453610,0.137943,0.342698,0.030095,0.004343,0.010789,0.015314,0.002149,0.005338,0.999722,0.000228,0.000566
tcp_only,dc_500m,TcpBbr,3,415.529141,7.814860,19.414757,0.774446,0.041298,0.102598,0.006868,0.003815,0.009478,0.010862,0.001991,0.004946,0.998839,0.000844,0.002096
tcp_only,dc_500m,TcpCubic,3,419.880539,9.469161,23.524598,0.846187,0.069534,0.172746,0.007975,0.001814,0.004508,0.012917,0.004050,0.010063,0.999590,0.000556,0.001382
tcp_only,dc_500m,TcpNewReno,3,413.559360,11.305936,28.087770,0.820856,0.061146,0.151908,0.006838,0.003440,0.008547,0.012342,0.003515,0.008732,0.999477,0.000173,0.000429
tcp_only,dc_500m,TcpSwift,3,455.046917,12.291401,30.535997,0.814958,0.081817,0.203261,0.007327,0.001436,0.003567,0.013000,0.002831,0.007034,0.999756,0.000197,0.000489
tcp_only,dc_oversub_10to1,TcpBbr,3,859.021797,17.135595,42.570614,0.485508,0.033779,0.083919,0.003717,0.002075,0.005155,0.018536,0.002609,0.006482,0.997946,0.001536,0.003816
tcp_only,dc_oversub_10to1,TcpCubic,3,862.939653,3.703156,9.199893,0.489580,0.016778,0.041681,0.004218,0.001910,0.004745,0.018141,0.004677,0.011619,0.998781,0.001021,0.002537
tcp_only,dc_oversub_10to1,TcpNewReno,3,843.103509,22.955507,57.029243,0.462230,0.043269,0.107495,0.003306,0.002353,0.005846,0.014828,0.004064,0.010096,0.996970,0.003155,0.007839
tcp_only,dc_oversub_10to1,TcpSwift,3,912.583195,24.335613,60.457892,0.474933,0.018003,0.044724,0.003650,0.001302,0.003233,0.017439,0.002227,0.005533,0.999850,0.000132,0.000328
tcp_only,intra_rack_10g,TcpBbr,3,8492.996379,35.383302,87.904088,0.046805,0.001263,0.003137,0.000309,0.000191,0.000474,0.014006,0.002154,0.005350,0.999583,0.000379,0.000942
tcp_only,intra_rack_10g,TcpCubic,3,8541.445461,276.463194,686.828077,0.047981,0.006123,0.015213,0.000514,0.000080,0.000198,0.016780,0.003946,0.009802,0.998910,0.001005,0.002496
tcp_only,intra_rack_10g,TcpNewReno,3,8423.315216,96.284144,239.202378,0.046623,0.001926,0.004785,0.000455,0.000072,0.000178,0.013908,0.004144,0.010296,0.997712,0.001593,0.003959
tcp_only,intra_rack_10g,TcpSwift,3,9112.934437,344.533468,855.937659,0.045950,0.002275,0.005653,0.000456,0.000062,0.000153,0.014191,0.002835,0.007043,0.999831,0.000150,0.000372
tcp_only,intra_rack_25g,TcpBbr,3,21305.052683,824.744402,2048.944029,0.021180,0.002001,0.004972,0.000116,0.000031,0.000077,0.014347,0.005779,0.014358,0.999156,0.000585,0.001454
tcp_only,intra_rack_25g,TcpCubic,3,21223.373851,883.343777,2194.524697,0.020985,0.002481,0.006164,0.000123,0.000055,0.000136,0.016275,0.007544,0.018742,0.999507,0.000316,0.000784
tcp_only,intra_rack_25g,TcpNewReno,3,20851.387099,955.971002,2374.955287,0.020929,0.002868,0.007125,0.000175,0.000081,0.000202,0.013422,0.008271,0.020547,0.999426,0.000701,0.001741
tcp_only,intra_rack_25g,TcpSwift,3,22190.685275,666.334729,1655.400827,0.020631,0.002145,0.005330,0.000115,0.000031,0.000077,0.014223,0.006445,0.016012,0.999844,0.000160,0.000397
tcp_only,leaf_spine_20g,TcpBbr,3,17291.405557,358.875348,891.567739,0.031588,0.001516,0.003766,0.000303,0.000058,0.000144,0.020028,0.003935,0.009776,0.998762,0.000622,0.001544
tcp_only,leaf_spine_20g,TcpCubic,3,17404.752640,281.637398,699.682550,0.032013,0.001459,0.003624,0.000249,0.000142,0.000352,0.019320,0.005035,0.012510,0.999780,0.000131,0.000325
tcp_only,leaf_spine_20g,TcpNewReno,3,17042.912571,595.063100,1478.337995,0.032158,0.002287,0.005682,0.000268,0.000091,0.000226,0.015808,0.005910,0.014682,0.998043,0.001875,0.004659
tcp_only,leaf_spine_20g,TcpSwift,3,18899.463051,105.352291,261.730722,0.031638,0.001141,0.002834,0.000290,0.000081,0.000202,0.017425,0.003790,0.009416,0.999174,0.000813,0.002020
tcp_only,leaf_spine_50g,TcpBbr,3,43007.641061,1149.227677,2855.070227,0.017671,0.000553,0.001375,0.000123,0.000059,0.000145,0.018009,0.006131,0.015232,0.998809,0.001078,0.002678
tcp_only,leaf_spine_50g,TcpCubic,3,43660.669157,765.537500,1901.854061,0.018243,0.000764,0.001898,0.000173,0.000049,0.000123,0.020542,0.002277,0.005656,0.999713,0.000199,0.000493
tcp_only,leaf_spine_50g,TcpNewReno,3,42531.959392,759.614920,1887.140370,0.018353,0.000404,0.001003,0.000182,0.000059,0.000147,0.016949,0.006151,0.015281,0.999489,0.000578,0.001435
tcp_only,leaf_spine_50g,TcpSwift,3,45754.037595,778.546552,1934.172945,0.018224,0.000719,0.001785,0.000153,0.000024,0.000059,0.017152,0.005472,0.013594,0.999254,0.000782,0.001944
tcp_only,lte_good,TcpBbr,3,42.331157,0.149831,0.372232,39.367764,0.657820,1.634246,0.152491,0.045028,0.111864,0.020040,0.000778,0.001934,0.996147,0.003625,0.009005
tcp_only,lte_good,TcpCubic,3,42.238411,0.383020,0.951551,39.664750,0.195593,0.485919,0.336189,0.204646,0.508409,0.024287,0.000738,0.001834,0.999132,0.000701,0.001741
tcp_only,lte_good,TcpNewReno,3,41.478283,0.017763,0.044130,41.414204,0.452910,1.125182,0.276367,0.095951,0.238375,0.016649,0.003595,0.008932,0.998197,0.001835,0.004558
tcp_only,lte_good,TcpSwift,3,44.852880,0.982398,2.440610,39.973427,0.399303,0.992004,0.236698,0.053542,0.133016,0.018043,0.000943,0.002342,0.998426,0.000876,0.002177
tcp_only,lte_poor,TcpBbr,3,7.848341,0.317072,0.787715,111.377999,4.939314,12.270925,0.756258,0.757645,1.882247,0.014982,0.007078,0.017584,0.994514,0.003004,0.007464
tcp_only,lte_poor,TcpCubic,3,8.039163,0.192910,0.479253,113.976857,5.914300,14.693122,0.900478,0.466264,1.158358,0.014545,0.012598,0.031298,0.998162,0.000420,0.001044
tcp_only,lte_poor,TcpNewReno,3,7.736651,0.279567,0.694539,115.305774,3.922389,9.744541,0.745459,0.344562,0.856008,0.012536,0.011561,0.028723,0.994476,0.007676,0.019070
tcp_only,lte_poor,TcpSwift,3,8.562096,0.165010,0.409940,113.028648,4.595032,11.415615,0.711925,0.322064,0.800116,0.013926,0.012064,0.029972,0.997760,0.001518,0.003772
tcp_only,mixed_large_flow,TcpBbr,3,10640.372384,62.150619,154.403156,0.047965,0.000777,0.001931,0.000305,0.000139,0.000346,0.014361,0.002159,0.005364,0.999921,0.000080,0.000199
tcp_only,mixed_large_flow,TcpCubic,3,10660.068421,99.831689,248.015679,0.048787,0.002338,0.005807,0.000444,0.000201,0.000498,0.017498,0.003930,0.009764,0.997820,0.001553,0.003858
tcp_only,mixed_large_flow,TcpNewReno,3,10227.274587,214.018832,531.695163,0.045332,0.001989,0.004942,0.000351,0.000160,0.000397,0.009736,0.002762,0.006861,0.998733,0.000805,0.002001
tcp_only,mixed_large_flow,TcpSwift,3,11525.926832,241.375229,599.657705,0.047279,0.001017,0.002528,0.000335,0.000164,0.000408,0.013617,0.002186,0.005431,0.999593,0.000349,0.000867
tcp_only,mixed_small_flow,TcpBbr,3,1675.143920,42.570316,105.759063,0.222157,0.021136,0.052508,0.001641,0.000390,0.000969,0.013795,0.003325,0.008261,0.999812,0.000136,0.000338
tcp_only,mixed_small_flow,TcpCubic,3,1719.185168,12.743838,31.660002,0.240170,0.007254,0.018022,0.002156,0.000790,0.001963,0.016429,0.002097,0.005211,0.999495,0.000304,0.000754
tcp_only,mixed_small_flow,TcpNewReno,3,1651.066096,21.434230,53.249877,0.220710,0.008673,0.021546,0.001597,0.001146,0.002848,0.010334,0.002166,0.005381,0.999254,0.000649,0.001611
tcp_only,mixed_small_flow,TcpSwift,3,1809.871675,59.921481,148.865226,0.223466,0.022537,0.055990,0.001870,0.000803,0.001996,0.014289,0.003529,0.008768,0.999012,0.000274,0.000680
tcp_only,nr_5g_edge,TcpBbr,3,80.344267,2.762483,6.862941,18.193746,0.485726,1.206708,0.146182,0.067110,0.166724,0.014558,0.007723,0.019185,0.998667,0.000977,0.002428
tcp_only,nr_5g_edge,TcpCubic,3,81.977397,1.419710,3.527040,18.815060,0.441593,1.097066,0.189935,0.097097,0.241222,0.012742,0.001275,0.003167,0.996505,0.002635,0.006546
tcp_only,nr_5g_edge,TcpNewReno,3,78.987600,1.002648,2.490916,18.763027,0.348235,0.865133,0.215002,0.111569,0.277176,0.014243,0.000862,0.002142,0.992020,0.006188,0.015372
tcp_only,nr_5g_edge,TcpSwift,3,85.968069,2.503317,6.219086,18.491622,0.608266,1.511139,0.185800,0.093144,0.231401,0.012144,0.001078,0.002679,0.999739,0.000024,0.000058
tcp_only,nr_5g_embb,TcpBbr,3,399.416875,3.851756,9.569065,7.685523,0.115906,0.287950,0.073232,0.027945,0.069425,0.010899,0.002878,0.007149,0.997705,0.001687,0.004191
tcp_only,nr_5g_embb,TcpCubic,3,408.242608,5.353906,13.300913,7.958384,0.183379,0.455576,0.053491,0.015370,0.038185,0.013296,0.001468,0.003646,0.997286,0.002239,0.005563
tcp_only,nr_5g_embb,TcpNewReno,3,398.724629,5.645820,14.026126,8.058544,0.087293,0.216864,0.056984,0.030160,0.074927,0.010190,0.000462,0.001149,0.992426,0.005685,0.014123
tcp_only,nr_5g_embb,TcpSwift,3,427.203973,11.238686,27.920698,7.826543,0.103576,0.257318,0.054624,0.022671,0.056323,0.012554,0.001335,0.003316,0.998852,0.001006,0.002499
tcp_only,oversub_2to1_25g,TcpBbr,3,10726.302960,301.293284,748.514417,0.043929,0.004132,0.010266,0.000272,0.000081,0.000201,0.016176,0.004413,0.010963,0.998285,0.000337,0.000837
tcp_only,oversub_2to1_25g,TcpCubic,3,10782.355493,389.275554,967.092133,0.044604,0.004513,0.011213,0.000308,0.000091,0.000225,0.016988,0.004332,0.010762,0.999499,0.000445,0.001106
tcp_only,oversub_2to1_25g,TcpNewReno,3,10584.705243,291.667518,724.600759,0.044119,0.003637,0.009036,0.000326,0.000159,0.000394,0.015316,0.006483,0.016107,0.998499,0.000824,0.002047
tcp_only,oversub_2to1_25g,TcpSwift,3,11328.590933,100.285456,249.142989,0.044718,0.004270,0.010609,0.000292,0.000107,0.000266,0.014849,0.004674,0.011612,0.999516,0.000674,0.001676
tcp_only,oversub_2to1_50g,TcpBbr,3,21559.559995,464.317513,1153.521739,0.026126,0.001436,0.003567,0.000147,0.000050,0.000123,0.016691,0.004317,0.010724,0.999473,0.000771,0.001914
tcp_only,oversub_2to1_50g,TcpCubic,3,21742.344731,417.277744,1036.659042,0.027472,0.000943,0.002342,0.000251,0.000044,0.000108,0.020250,0.004643,0.011535,0.998214,0.001989,0.004942
tcp_only,oversub_2to1_50g,TcpNewReno,3,20945.671781,473.518753,1176.380730,0.026383,0.001427,0.003546,0.000175,0.000090,0.000223,0.011603,0.004338,0.010776,0.999600,0.000374,0.000930
tcp_only,oversub_2to1_50g,TcpSwift,3,23041.534315,666.218107,1655.111097,0.026025,0.000994,0.002469,0.000172,0.000047,0.000118,0.014426,0.003886,0.009655,0.999959,0.000056,0.000138
tcp_only,oversub_4to1_10g,TcpBbr,3,2117.157957,33.519325,83.273340,0.179234,0.007393,0.018367,0.000704,0.000392,0.000973,0.016706,0.003250,0.008074,0.999413,0.000572,0.001421
tcp_only,oversub_4to1_10g,TcpCubic,3,2114.431205,48.193000,119.727711,0.179571,0.013694,0.034021,0.001680,0.000910,0.002261,0.014605,0.003610,0.008969,0.999753,0.000250,0.000622
tcp_only,oversub_4to1_10g,TcpNewReno,3,2065.015781,2.313258,5.746915,0.169125,0.001577,0.003918,0.000827,0.000254,0.000630,0.009278,0.000977,0.002428,0.999274,0.000393,0.000977
tcp_only,oversub_4to1_10g,TcpSwift,3,2279.345040,87.317994,216.927430,0.172535,0.009088,0.022577,0.000851,0.000291,0.000723,0.012739,0.002971,0.007381,0.999806,0.000136,0.000337
tcp_only,oversub_4to1_40g,TcpBbr,3,8414.748187,502.493132,1248.362886,0.050600,0.007996,0.019865,0.000313,0.000221,0.000549,0.013149,0.005988,0.014875,0.999433,0.000511,0.001270
tcp_only,oversub_4to1_40g,TcpCubic,3,8457.685552,400.361094,994.632362,0.051110,0.007345,0.018247,0.000347,0.000239,0.000594,0.016671,0.008485,0.021080,0.999066,0.000202,0.000501
tcp_only,oversub_4to1_40g,TcpNewReno,3,8153.012949,506.187155,1257.540090,0.048422,0.007788,0.019348,0.000194,0.000102,0.000253,0.009462,0.005332,0.013246,0.999425,0.000283,0.000703
tcp_only,oversub_4to1_40g,TcpSwift,3,8984.351643,420.831503,1045.487782,0.049022,0.008616,0.021405,0.000323,0.000238,0.000591,0.012065,0.005633,0.013994,0.999829,0.000170,0.000423
tcp_only,rdma_like_25g,TcpBbr,3,21686.456971,222.223477,552.078276,0.019680,0.000575,0.001429,0.000099,0.000049,0.000122,0.015168,0.000157,0.000390,0.999099,0.000830,0.002062
tcp_only,rdma_like_25g,TcpCubic,3,21676.201163,343.744808,853.978359,0.019809,0.001311,0.003258,0.000148,0.000035,0.000086,0.018466,0.004856,0.012063,0.998588,0.000847,0.002104
tcp_only,rdma_like_25g,TcpNewReno,3,21020.146565,555.611259,1380.326279,0.018830,0.001460,0.003628,0.000151,0.000047,0.000116,0.011482,0.003053,0.007586,0.998931,0.000653,0.001621
tcp_only,rdma_like_25g,TcpSwift,3,22628.086448,444.202568,1103.549413,0.019130,0.000942,0.002340,0.000135,0.000035,0.000088,0.014748,0.000553,0.001373,0.999493,0.000599,0.001489
tcp_only,rdma_like_50g,TcpBbr,3,43022.182752,1470.273556,3652.656773,0.010631,0.000897,0.002229,0.000074,0.000045,0.000112,0.016747,0.005692,0.014140,0.999640,0.000361,0.000897
tcp_only,rdma_like_50g,TcpCubic,3,43655.830149,780.278186,1938.474910,0.011282,0.000682,0.001693,0.000079,0.000037,0.000092,0.018217,0.004757,0.011817,0.999394,0.000541,0.001344
tcp_only,rdma_like_50g,TcpNewReno,3,42457.606165,1267.898988,3149.889901,0.010751,0.000982,0.002439,0.000061,0.000022,0.000055,0.015689,0.007242,0.017991,0.998662,0.001029,0.002556
tcp_only,rdma_like_50g,TcpSwift,3,46117.786864,1706.044375,4238.391225,0.010659,0.000997,0.002477,0.000054,0.000017,0.000041,0.014921,0.004599,0.011426,0.999742,0.000251,0.000624
tcp_only,satellite_geo,TcpBbr,3,7.816373,0.214350,0.532518,364.961162,6.864148,17.052866,3.237146,0.784349,1.948589,0.020206,0.004435,0.011018,0.997662,0.002885,0.007168
tcp_only,satellite_geo,TcpCubic,3,7.964571,0.238697,0.593005,363.100655,7.556884,18.773856,4.595439,0.591105,1.468506,0.022307,0.000660,0.001639,0.995979,0.000873,0.002170
tcp_only,satellite_geo,TcpNewReno,3,7.678635,0.192911,0.479255,375.774728,3.571899,8.873806,4.050689,2.024949,5.030658,0.018069,0.004975,0.012359,0.995997,0.003717,0.009235
tcp_only,satellite_geo,TcpSwift,3,8.450603,0.146967,0.365115,355.520172,9.919539,24.643491,4.557745,0.742215,1.843914,0.021016,0.000364,0.000903,0.998912,0.000508,0.001263
tcp_only,satellite_leo,TcpBbr,3,123.501856,4.192142,10.414699,32.069021,0.541379,1.344968,0.444779,0.041296,0.102594,0.018130,0.004838,0.012020,0.996880,0.002433,0.006045
tcp_only,satellite_leo,TcpCubic,3,125.484464,4.023789,9.996453,32.492059,0.909523,2.259562,0.281789,0.027561,0.068471,0.020158,0.006802,0.016899,0.995066,0.004970,0.012348
tcp_only,satellite_leo,TcpNewReno,3,122.346667,3.986590,9.904037,33.112512,0.729560,1.812474,0.173091,0.017685,0.043936,0.013945,0.003906,0.009704,0.993576,0.005445,0.013527
tcp_only,satellite_leo,TcpSwift,3,135.308309,4.401781,10.935514,32.433656,1.467593,3.645996,0.270957,0.014075,0.034967,0.016233,0.005547,0.013781,0.999432,0.000265,0.000658
tcp_only,symmetric_low,TcpBbr,3,847.980405,13.755394,34.173052,0.454174,0.027449,0.068192,0.002277,0.001827,0.004539,0.014481,0.003735,0.009278,0.999335,0.000395,0.000982
tcp_only,symmetric_low,TcpCubic,3,841.932139,11.990215,29.787750,0.443113,0.025559,0.063496,0.003741,0.001415,0.003514,0.011266,0.001043,0.002592,0.999701,0.000217,0.000540
tcp_only,symmetric_low,TcpNewReno,3,828.757179,20.994372,52.157121,0.433436,0.032500,0.080742,0.002756,0.001575,0.003913,0.010996,0.001870,0.004646,0.999506,0.000642,0.001596
tcp_only,symmetric_low,TcpSwift,3,926.559328,22.834853,56.729498,0.441955,0.027579,0.068514,0.002721,0.001556,0.003865,0.010481,0.001353,0.003362,0.999515,0.000707,0.001758
tcp_only,wan_longhaul,TcpBbr,3,833.847392,30.108400,74.799450,26.575814,0.390055,0.969028,0.192658,0.167342,0.415735,0.018774,0.008717,0.021657,0.996078,0.003905,0.009701
tcp_only,wan_longhaul,TcpCubic,3,825.269904,33.472806,83.157770,26.456110,0.358305,0.890152,0.228317,0.096203,0.239002,0.014851,0.003663,0.009099,0.999373,0.000143,0.000355
tcp_only,wan_longhaul,TcpNewReno,3,798.195376,37.668695,93.581779,27.650052,0.079752,0.198130,0.100934,0.027478,0.068265,0.013248,0.003358,0.008341,0.995268,0.001349,0.003350
tcp_only,wan_longhaul,TcpSwift,3,899.809216,29.464670,73.200207,26.613997,0.625393,1.553689,0.154740,0.083541,0.207544,0.013631,0.004929,0.012245,0.998247,0.002261,0.005617
tcp_only,wan_metro,TcpBbr,3,836.926581,24.672064,61.293750,2.653952,0.082086,0.203928,0.016708,0.002416,0.006002,0.014563,0.002733,0.006790,0.995861,0.001683,0.004182
tcp_only,wan_metro,TcpCubic,3,842.543083,17.755290,44.110145,2.597633,0.027879,0.069261,0.023235,0.009280,0.023054,0.015159,0.004624,0.011487,0.998532,0.000727,0.001805
tcp_only,wan_metro,TcpNewReno,3,826.380693,30.229487,75.100270,2.730676,0.062276,0.154715,0.027195,0.004597,0.011421,0.014558,0.007095,0.017627,0.997137,0.001224,0.003042
tcp_only,wan_metro,TcpSwift,3,908.095637,5.915370,14.695781,2.661107,0.042210,0.104863,0.019533,0.002706,0.006723,0.014996,0.004306,0.010698,0.999492,0.000197,0.000490
tcp_only,wifi_ac,TcpBbr,3,328.300704,6.711760,16.674281,7.971980,0.258447,0.642071,0.066116,0.023119,0.057435,0.014279,0.001842,0.004577,0.992262,0.005856,0.014548
tcp_only,wifi_ac,TcpCubic,3,332.854171,10.329762,25.662623,8.283557,0.339756,0.844069,0.058539,0.020044,0.049797,0.017090,0.005981,0.014858,0.993777,0.005715,0.014197
tcp_only,wifi_ac,TcpNewReno,3,322.408528,5.383298,13.373932,8.334274,0.176329,0.438062,0.043340,0.016901,0.041987,0.012915,0.000454,0.001129,0.997751,0.000914,0.002271
tcp_only,wifi_ac,TcpSwift,3,345.713989,17.321022,43.031276,8.005688,0.213795,0.531139,0.052508,0.012626,0.031368,0.013789,0.002576,0.006401,0.998474,0.000679,0.001688
tcp_only,wifi_ax,TcpBbr,3,507.325648,15.827602,39.321116,5.740393,0.040336,0.100208,0.049347,0.020183,0.050140,0.021097,0.004829,0.011996,0.997989,0.001626,0.004039
tcp_only,wifi_ax,TcpCubic,3,513.677019,11.153090,27.708047,5.763132,0.150110,0.372924,0.049747,0.022356,0.055540,0.019526,0.001869,0.004643,0.997516,0.001770,0.004396
tcp_only,wifi_ax,TcpNewReno,3,491.460048,11.863796,29.473681,5.895153,0.078684,0.195478,0.065858,0.022817,0.056686,0.013929,0.004065,0.010098,0.994232,0.004767,0.011843
tcp_only,wifi_ax,TcpSwift,3,550.399963,18.297604,45.457436,5.732413,0.159107,0.395276,0.055133,0.013144,0.032653,0.018526,0.002941,0.007306,0.998631,0.001079,0.002681
tcp_only,wifi_legacy,TcpBbr,3,7.927669,0.197235,0.489998,72.081631,4.948620,12.294047,0.713544,0.334050,0.829892,0.014758,0.012784,0.031761,0.995538,0.001202,0.002987
tcp_only,wifi_legacy,TcpCubic,3,8.126779,0.211950,0.526554,77.887463,3.089587,7.675580,0.734550,0.381162,0.946934,0.021859,0.000565,0.001403,0.995152,0.006913,0.017174
tcp_only,wifi_legacy,TcpNewReno,3,7.957664,0.246321,0.611945,76.177923,5.203919,12.928294,0.445304,0.184954,0.459489,0.014720,0.012759,0.031697,0.996329,0.003534,0.008781
tcp_only,wifi_legacy,TcpSwift,3,8.630373,0.417656,1.037599,74.543224,6.631685,16.475348,0.716613,0.333672,0.828955,0.013568,0.011782,0.029270,0.997699,0.001679,0.004170
tcp_only,wifi_n,TcpBbr,3,41.062896,1.627921,4.044307,22.532879,1.451004,3.604785,0.245051,0.091519,0.227365,0.015743,0.004273,0.010615,0.999508,0.000745,0.001850
tcp_only,wifi_n,TcpCubic,3,42.122773,1.725279,4.286178,23.678691,1.470471,3.653147,0.267363,0.034820,0.086504,0.020520,0.003433,0.008528,0.997836,0.001327,0.003298
tcp_only,wifi_n,TcpNewReno,3,40.515691,1.480593,3.678294,23.732369,0.703258,1.747130,0.169789,0.080081,0.198949,0.012573,0.003683,0.009150,0.996564,0.002898,0.007199
tcp_only,wifi_n,TcpSwift,3,45.213013,2.409782,5.986713,23.108753,0.927141,2.303331,0.226062,0.053289,0.132388,0.015975,0.005583,0.013869,0.999514,0.000584,0.001450
udp_burst,asymmetric_high,TcpBbr,3,573.529600,12.832311,31.879801,0.452847,0.036915,0.091709,0.003845,0.002564,0.006370,0.025543,0.006796,0.016883,0.994770,0.004622,0.011482
udp_burst,asymmetric_high,TcpCubic,3,582.398155,17.455209,43.364644,0.487927,0.067688,0.168161,0.004564,0.001618,0.004019,0.033979,0.008697,0.021607,0.999312,0.000335,0.000832
udp_burst,asymmetric_high,TcpNewReno,3,562.926683,7.805314,19.391040,0.455537,0.025618,0.063645,0.002440,0.001652,0.004104,0.026400,0.004797,0.011918,0.995733,0.003975,0.009876
udp_burst,asymmetric_high,TcpSwift,3,613.646875,26.364135,65.497427,0.453118,0.035394,0.087931,0.002984,0.001279,0.003178,0.025906,0.007039,0.017487,0.998795,0.001201,0.002984
udp_burst,congested_heavy,TcpBbr,3,283.243189,8.098863,20.120314,0.912958,0.037846,0.094023,0.008439,0.004969,0.012345,0.029941,0.004145,0.010297,0.997124,0.001244,0.003089
udp_burst,congested_heavy,TcpCubic,3,290.408165,5.998794,14.903034,0.999208,0.015850,0.039376,0.005782,0.003049,0.007575,0.030313,0.003948,0.009808,0.998364,0.000874,0.002171
udp_burst,congested_heavy,TcpNewReno,3,282.018933,12.513128,31.086841,0.941499,0.092710,0.230323,0.007478,0.003586,0.008910,0.030268,0.003495,0.008682,0.996015,0.003733,0.009274
udp_burst,congested_heavy,TcpSwift,3,306.065973,13.415854,33.329519,0.925957,0.060648,0.150670,0.006571,0.003701,0.009195,0.031352,0.003909,0.009712,0.999354,0.000777,0.001930
udp_burst,congested_light,TcpBbr,3,2949.986123,62.095822,154.267024,0.097113,0.006971,0.017319,0.000794,0.000157,0.000391,0.031754,0.007701,0.019132,0.999133,0.000694,0.001724
udp_burst,congested_light,TcpCubic,3,2994.156427,35.962006,89.341785,0.104620,0.004368,0.010852,0.000598,0.000502,0.001248,0.034070,0.008095,0.020112,0.999600,0.000362,0.000900
udp_burst,congested_light,TcpNewReno,3,2866.581413,73.304396,182.112911,0.092769,0.006717,0.016688,0.001101,0.000032,0.000078,0.021536,0.000413,0.001026,0.999216,0.000820,0.002037
udp_burst,congested_light,TcpSwift,3,3198.739392,11.597785,28.812820,0.095499,0.007643,0.018987,0.000940,0.000237,0.000590,0.027159,0.006922,0.017197,0.999117,0.001026,0.002550
udp_burst,congested_medium,TcpBbr,3,1144.903333,28.567220,70.970636,0.222903,0.027604,0.068578,0.002080,0.000638,0.001586,0.025170,0.006602,0.016402,0.999025,0.000549,0.001364
udp_burst,congested_medium,TcpCubic,3,1164.935232,20.491892,50.908791,0.235073,0.017522,0.043531,0.001521,0.000884,0.002197,0.028606,0.002931,0.007281,0.999754,0.000143,0.000354
udp_burst,congested_medium,TcpNewReno,3,1119.537909,35.307463,87.715679,0.219320,0.023311,0.057913,0.002452,0.000409,0.001015,0.024326,0.004712,0.011707,0.999211,0.001223,0.003038
udp_burst,congested_medium,TcpSwift,3,1235.249637,35.451562,88.073669,0.226996,0.025213,0.062638,0.002024,0.000402,0.000999,0.025128,0.002755,0.006844,0.998559,0.000460,0.001143
udp_burst,cross_dc_wan,TcpBbr,3,574.261904,10.632604,26.414984,5.429525,0.023542,0.058487,0.039462,0.028915,0.071836,0.027644,0.001885,0.004684,0.997833,0.002370,0.005887
udp_burst,cross_dc_wan,TcpCubic,3,587.311163,23.586442,58.596700,5.437964,0.066790,0.165928,0.046436,0.014981,0.037217,0.027914,0.003661,0.009096,0.999777,0.000190,0.000471
udp_burst,cross_dc_wan,TcpNewReno,3,564.349851,15.129925,37.587851,5.624420,0.052779,0.131122,0.029602,0.017062,0.042388,0.025650,0.004298,0.010679,0.996052,0.003681,0.009144
udp_burst,cross_dc_wan,TcpSwift,3,628.111211,13.017281,32.339328,5.504611,0.072529,0.180186,0.041161,0.007630,0.018956,0.025404,0.001571,0.003902,0.999188,0.000509,0.001264
udp_burst,cross_pod_10g,TcpBbr,3,5774.424832,161.739861,401.816516,0.100616,0.004469,0.011103,0.000888,0.000473,0.001176,0.031817,0.005218,0.012964,0.998507,0.000612,0.001519
udp_burst,cross_pod_10g,TcpCubic,3,5777.671952,95.032183,236.092082,0.102559,0.001301,0.003232,0.001046,0.000246,0.000611,0.027238,0.005141,0.012772,0.998970,0.000788,0.001956
udp_burst,cross_pod_10g,TcpNewReno,3,5670.931787,209.875428,521.401544,0.104750,0.007450,0.018507,0.000694,0.000399,0.000992,0.022691,0.002108,0.005237,0.999883,0.000029,0.000072
udp_burst,cross_pod_10g,TcpSwift,3,6346.458251,90.741991,225.433795,0.100306,0.003057,0.007595,0.000760,0.000340,0.000844,0.025704,0.001677,0.004166,0.999268,0.000499,0.001239
udp_burst,cross_pod_20g,TcpBbr,3,12007.976053,286.441220,711.616868,0.081691,0.001830,0.004547,0.000544,0.000301,0.000748,0.031524,0.005630,0.013987,0.998791,0.000388,0.000963
udp_burst,cross_pod_20g,TcpCubic,3,11927.085568,414.770032,1030.429039,0.084553,0.001648,0.004095,0.000642,0.000290,0.000720,0.026537,0.003279,0.008145,0.999225,0.000143,0.000354
udp_burst,cross_pod_20g,TcpNewReno,3,11746.303568,287.013502,713.038610,0.085176,0.002826,0.007020,0.000665,0.000257,0.000638,0.023120,0.003456,0.008586,0.998979,0.000628,0.001560
udp_burst,cross_pod_20g,TcpSwift,3,12470.178869,188.745657,468.908047,0.084032,0.000982,0.002440,0.000587,0.000171,0.000425,0.026358,0.001901,0.004723,0.999531,0.000594,0.001476
udp_burst,dc_100g,TcpBbr,3,59139.523648,1049.161201,2606.471258,0.008194,0.000141,0.000350,0.000053,0.000023,0.000056,0.025384,0.004603,0.011435,0.999218,0.000963,0.002393
udp_burst,dc_100g,TcpCubic,3,60274.125984,1028.761464,2555.791413,0.008468,0.000101,0.000251,0.000079,0.000035,0.000087,0.028472,0.007373,0.018318,0.999883,0.000096,0.000238
udp_burst,dc_100g,TcpNewReno,3,57464.174304,630.870906,1567.296697,0.008198,0.000280,0.000695,0.000063,0.000019,0.000048,0.021474,0.005076,0.012610,0.998879,0.000957,0.002377
udp_burst,dc_100g,TcpSwift,3,63543.828613,2527.150714,6278.297077,0.008189,0.000132,0.000328,0.000061,0.000019,0.000047,0.025652,0.001489,0.003700,0.999921,0.000038,0.000093
udp_burst,dc_100m,TcpBbr,3,57.361840,1.573161,3.908265,4.238552,0.534477,1.327822,0.045491,0.022425,0.055712,0.026640,0.010360,0.025737,0.999014,0.000736,0.001828
udp_burst,dc_100m,TcpCubic,3,57.507472,0.737767,1.832862,4.438943,0.320121,0.795290,0.017362,0.005494,0.013650,0.020909,0.003092,0.007682,0.999309,0.000488,0.001212
udp_burst,dc_100m,TcpNewReno,3,55.576763,1.966849,4.886319,4.047436,0.558932,1.388575,0.032942,0.021733,0.053993,0.023929,0.008918,0.022156,0.998269,0.001301,0.003233
udp_burst,dc_100m,TcpSwift,3,61.372048,3.287538,8.167356,4.217071,0.554916,1.378599,0.033423,0.021107,0.052436,0.025338,0.010966,0.027243,0.999025,0.000588,0.001462
udp_burst,dc_500m,TcpBbr,3,293.300480,7.126196,17.703881,0.826330,0.042356,0.105227,0.003395,0.002141,0.005320,0.026245,0.003370,0.008373,0.999351,0.000582,0.001446
udp_burst,dc_500m,TcpCubic,3,299.431232,4.118935,10.232828,0.910317,0.008181,0.020324,0.007508,0.003403,0.008455,0.022856,0.002167,0.005383,0.999276,0.000480,0.001192
udp_burst,dc_500m,TcpNewReno,3,290.147488,4.417119,10.973617,0.840228,0.030812,0.076546,0.005688,0.002765,0.006870,0.025111,0.002174,0.005401,0.999207,0.000325,0.000807
udp_burst,dc_500m,TcpSwift,3,319.718480,5.056402,12.561812,0.844487,0.036533,0.090761,0.004976,0.000796,0.001978,0.021851,0.002337,0.005806,0.999923,0.000009,0.000021
udp_burst,dc_oversub_10to1,TcpBbr,3,580.807253,26.849169,66.702416,0.443740,0.050236,0.124802,0.003800,0.002561,0.006361,0.028416,0.004930,0.012247,0.999501,0.000359,0.000892
udp_burst,dc_oversub_10to1,TcpCubic,3,577.067392,5.887286,14.626010,0.442030,0.004867,0.012090,0.002081,0.000922,0.002289,0.028609,0.006406,0.015914,0.998097,0.001581,0.003928
udp_burst,dc_oversub_10to1,TcpNewReno,3,579.474464,4.540877,11.281075,0.467492,0.008179,0.020319,0.003453,0.000883,0.002194,0.031412,0.001969,0.004892,0.998221,0.001526,0.003791
udp_burst,dc_oversub_10to1,TcpSwift,3,624.038053,31.342542,77.865475,0.445827,0.016769,0.041659,0.002338,0.001266,0.003144,0.024833,0.003321,0.008251,0.999112,0.000913,0.002269
udp_burst,intra_rack_10g,TcpBbr,3,5878.721221,148.323853,368.486615,0.046768,0.001974,0.004903,0.000499,0.000044,0.000110,0.022382,0.001587,0.003943,0.999051,0.000983,0.002443
udp_burst,intra_rack_10g,TcpCubic,3,5812.473264,106.917138,265.618331,0.046286,0.003777,0.009382,0.000256,0.000215,0.000534,0.025333,0.003265,0.008110,0.998557,0.001365,0.003392
udp_burst,intra_rack_10g,TcpNewReno,3,5748.993499,137.449111,341.470079,0.045934,0.003668,0.009113,0.000418,0.000094,0.000234,0.022316,0.000854,0.002122,0.999459,0.000374,0.000930
udp_burst,intra_rack_10g,TcpSwift,3,6289.953429,164.963631,409.825452,0.045306,0.003213,0.007982,0.000418,0.000092,0.000228,0.021530,0.001550,0.003851,0.999336,0.000573,0.001424
udp_burst,intra_rack_25g,TcpBbr,3,14393.498464,255.820140,635.543747,0.020093,0.000447,0.001110,0.000138,0.000088,0.000220,0.026621,0.006981,0.017343,0.998914,0.000582,0.001446
udp_burst,intra_rack_25g,TcpCubic,3,14609.778363,470.135154,1167.974727,0.021302,0.001172,0.002912,0.000130,0.000073,0.000180,0.032494,0.006605,0.016409,0.999743,0.000181,0.000450
udp_burst,intra_rack_25g,TcpNewReno,3,14325.302235,570.434956,1417.153357,0.020924,0.002267,0.005633,0.000176,0.000037,0.000093,0.026567,0.006896,0.017132,0.999746,0.000260,0.000646
udp_burst,intra_rack_25g,TcpSwift,3,15412.361248,695.276848,1727.302839,0.020484,0.001122,0.002788,0.000169,0.000038,0.000094,0.028473,0.004050,0.010062,0.999442,0.000530,0.001318
udp_burst,leaf_spine_20g,TcpBbr,3,11611.192000,354.799362,881.441610,0.029452,0.001834,0.004555,0.000293,0.000033,0.000083,0.026895,0.005943,0.014764,0.999342,0.000566,0.001406
udp_burst,leaf_spine_20g,TcpCubic,3,11993.422325,284.542307,706.899325,0.031991,0.002361,0.005867,0.000267,0.000050,0.000125,0.032785,0.009063,0.022516,0.998950,0.001356,0.003370
udp_burst,leaf_spine_20g,TcpNewReno,3,11425.942768,73.259419,182.001173,0.029573,0.000576,0.001431,0.000167,0.000106,0.000263,0.025206,0.001741,0.004325,0.999380,0.000540,0.001340
udp_burst,leaf_spine_20g,TcpSwift,3,12788.129045,547.025051,1358.995234,0.029543,0.000624,0.001550,0.000270,0.000049,0.000121,0.027323,0.005641,0.014013,0.999798,0.000038,0.000093
udp_burst,leaf_spine_50g,TcpBbr,3,28782.674539,326.679086,811.581334,0.017111,0.000183,0.000455,0.000152,0.000077,0.000191,0.026777,0.007854,0.019512,0.999832,0.000218,0.000541
udp_burst,leaf_spine_50g,TcpCubic,3,28900.289547,764.982154,1900.474393,0.017765,0.000948,0.002356,0.000126,0.000070,0.000174,0.025951,0.003019,0.007501,0.999640,0.000204,0.000507
udp_burst,leaf_spine_50g,TcpNewReno,3,28000.909728,555.812289,1380.825705,0.017148,0.001139,0.002829,0.000109,0.000047,0.000118,0.020405,0.004047,0.010055,0.999287,0.000630,0.001565
udp_burst,leaf_spine_50g,TcpSwift,3,31263.890197,568.147762,1411.471193,0.016895,0.000776,0.001928,0.000110,0.000044,0.000110,0.023078,0.007080,0.017590,0.999566,0.000077,0.000191
udp_burst,lte_good,TcpBbr,3,27.831301,0.924219,2.296073,38.686438,0.472717,1.174390,0.319322,0.199197,0.494873,0.029029,0.004570,0.011354,0.994314,0.006473,0.016082
udp_burst,lte_good,TcpCubic,3,28.766661,0.516265,1.282576,40.338903,0.281681,0.699790,0.411734,0.242778,0.603143,0.034868,0.008848,0.021981,0.996062,0.002838,0.007051
udp_burst,lte_good,TcpNewReno,3,27.956213,0.741924,1.843191,40.235849,1.417812,3.522325,0.426661,0.182363,0.453051,0.026127,0.001534,0.003810,0.999656,0.000215,0.000533
udp_burst,lte_good,TcpSwift,3,30.868261,1.312659,3.261088,39.010492,0.394004,0.978839,0.396397,0.159433,0.396085,0.026829,0.001153,0.002864,0.999006,0.000171,0.000424
udp_burst,lte_poor,TcpBbr,3,5.492971,0.249238,0.619191,112.371544,5.239485,13.016654,1.257579,0.375003,0.931634,0.028604,0.005264,0.013079,0.996966,0.002030,0.005043
udp_burst,lte_poor,TcpCubic,3,5.589467,0.122980,0.305524,115.813562,1.303047,3.237208,0.685861,0.359347,0.892740,0.031774,0.000691,0.001716,0.998255,0.001713,0.004257
udp_burst,lte_poor,TcpNewReno,3,5.407920,0.180630,0.448746,114.137009,4.488584,11.151160,1.141518,0.108903,0.270552,0.032855,0.001118,0.002779,0.993994,0.005032,0.012501
udp_burst,lte_poor,TcpSwift,3,5.870272,0.193251,0.480100,112.593378,1.862360,4.626731,1.044802,0.029034,0.072131,0.030267,0.001003,0.002491,0.998747,0.000787,0.001956
udp_burst,mixed_large_flow,TcpBbr,3,7374.979909,165.339568,410.759407,0.047881,0.003566,0.008859,0.000407,0.000197,0.000490,0.029202,0.006078,0.015099,0.999284,0.000548,0.001362
udp_burst,mixed_large_flow,TcpCubic,3,7357.571755,108.319767,269.102937,0.048096,0.002365,0.005874,0.000331,0.000255,0.000634,0.025732,0.004340,0.010782,0.999374,0.000294,0.000731
udp_burst,mixed_large_flow,TcpNewReno,3,7162.600896,53.929805,133.979874,0.047124,0.000406,0.001009,0.000371,0.000221,0.000549,0.021467,0.004701,0.011678,0.999001,0.000291,0.000724
udp_burst,mixed_large_flow,TcpSwift,3,7803.093195,350.566940,870.926843,0.047172,0.002748,0.006827,0.000298,0.000176,0.000436,0.024683,0.003746,0.009307,0.999498,0.000465,0.001155
udp_burst,mixed_small_flow,TcpBbr,3,1149.649397,31.506627,78.273116,0.224011,0.022180,0.055103,0.002321,0.000836,0.002077,0.023390,0.006907,0.017159,0.999375,0.000379,0.000942
udp_burst,mixed_small_flow,TcpCubic,3,1175.400213,28.665145,71.213916,0.244122,0.017480,0.043426,0.002996,0.000190,0.000473,0.032853,0.002698,0.006703,0.999548,0.000491,0.001220
udp_burst,mixed_small_flow,TcpNewReno,3,1122.156128,41.246404,102.470017,0.215552,0.022254,0.055287,0.002436,0.000565,0.001403,0.022467,0.006533,0.016230,0.999609,0.000070,0.000174
udp_burst,mixed_small_flow,TcpSwift,3,1257.320187,30.218677,75.073415,0.228357,0.020455,0.050817,0.002762,0.000570,0.001416,0.021359,0.006971,0.017318,0.999396,0.000195,0.000485
udp_burst,nr_5g_edge,TcpBbr,3,55.811195,1.020229,2.534594,18.069678,0.482675,1.199127,0.138175,0.071340,0.177233,0.026488,0.002817,0.006998,0.996610,0.001335,0.003317
udp_burst,nr_5g_edge,TcpCubic,3,56.655584,0.460292,1.143522,18.560319,0.114965,0.285613,0.182928,0.118058,0.293296,0.027171,0.003889,0.009662,0.996846,0.002116,0.005257
udp_burst,nr_5g_edge,TcpNewReno,3,55.916965,0.513193,1.274944,19.177347,0.368207,0.914751,0.206973,0.051234,0.127282,0.026469,0.003246,0.008065,0.998420,0.001768,0.004393
udp_burst,nr_5g_edge,TcpSwift,3,61.521429,1.478572,3.673273,18.439188,0.403077,1.001379,0.185190,0.075341,0.187172,0.024016,0.003426,0.008511,0.999637,0.000278,0.000690
udp_burst,nr_5g_embb,TcpBbr,3,281.423776,7.987666,19.844063,7.739034,0.190991,0.474487,0.056492,0.023903,0.059383,0.027172,0.005988,0.014876,0.996020,0.001760,0.004372
udp_burst,nr_5g_embb,TcpCubic,3,283.527547,10.779226,26.779242,7.944488,0.202842,0.503928,0.052903,0.017434,0.043311,0.028695,0.009889,0.024568,0.996037,0.001451,0.003605
udp_burst,nr_5g_embb,TcpNewReno,3,274.899541,4.681548,11.630548,8.185111,0.225033,0.559059,0.084553,0.030341,0.075376,0.022017,0.003876,0.009628,0.998255,0.000564,0.001401
udp_burst,nr_5g_embb,TcpSwift,3,300.259045,14.390427,35.750687,7.846188,0.047761,0.118655,0.051703,0.015414,0.038294,0.024705,0.005770,0.014335,0.998493,0.001139,0.002829
udp_burst,oversub_2to1_25g,TcpBbr,3,7228.603568,211.064473,524.355534,0.042628,0.001356,0.003370,0.000403,0.000220,0.000546,0.026291,0.010026,0.024907,0.998259,0.000906,0.002251
udp_burst,oversub_2to1_25g,TcpCubic,3,7363.956475,289.932552,720.290518,0.045668,0.003001,0.007455,0.000380,0.000157,0.000390,0.027702,0.006421,0.015952,0.999329,0.000154,0.000384
udp_burst,oversub_2to1_25g,TcpNewReno,3,7150.818517,77.280779,191.991592,0.042826,0.000495,0.001229,0.000370,0.000125,0.000311,0.026961,0.003213,0.007981,0.997402,0.001532,0.003805
udp_burst,oversub_2to1_25g,TcpSwift,3,7940.745232,358.292964,890.120900,0.042844,0.001660,0.004125,0.000348,0.000119,0.000295,0.025948,0.008559,0.021264,0.999348,0.000580,0.001440
udp_burst,oversub_2to1_50g,TcpBbr,3,14446.823061,181.312150,450.440702,0.026479,0.001146,0.002848,0.000169,0.000122,0.000302,0.028726,0.001802,0.004477,0.998914,0.001345,0.003341
udp_burst,oversub_2to1_50g,TcpCubic,3,14495.188672,83.754081,208.073464,0.027372,0.000307,0.000763,0.000219,0.000074,0.000184,0.025830,0.001929,0.004792,0.999615,0.000120,0.000298
udp_burst,oversub_2to1_50g,TcpNewReno,3,14261.651381,249.085935,618.813707,0.026712,0.001417,0.003521,0.000303,0.000055,0.000138,0.026486,0.005723,0.014219,0.998979,0.001218,0.003025
udp_burst,oversub_2to1_50g,TcpSwift,3,15310.664923,204.780550,508.744145,0.026454,0.000401,0.000997,0.000280,0.000019,0.000048,0.026763,0.003911,0.009717,0.999522,0.000032,0.000080
udp_burst,oversub_4to1_10g,TcpBbr,3,1479.625264,35.661223,88.594538,0.189811,0.013009,0.032320,0.001194,0.001033,0.002567,0.032245,0.005022,0.012475,0.999003,0.000042,0.000104
udp_burst,oversub_4to1_10g,TcpCubic,3,1501.694432,23.647221,58.747695,0.200336,0.006490,0.016124,0.001881,0.000564,0.001401,0.037151,0.003854,0.009576,0.999403,0.000354,0.000880
udp_burst,oversub_4to1_10g,TcpNewReno,3,1459.753205,47.399426,117.756206,0.189558,0.018953,0.047087,0.002014,0.000344,0.000854,0.027081,0.004203,0.010442,0.999003,0.001011,0.002512
udp_burst,oversub_4to1_10g,TcpSwift,3,1619.701147,19.733780,49.025385,0.188499,0.018567,0.046127,0.001905,0.000438,0.001089,0.030183,0.006338,0.015745,0.999513,0.000128,0.000319
udp_burst,oversub_4to1_40g,TcpBbr,3,5739.472363,152.073584,377.802215,0.048371,0.002964,0.007364,0.000213,0.000162,0.000404,0.024400,0.003256,0.008089,0.999670,0.000076,0.000188
udp_burst,oversub_4to1_40g,TcpCubic,3,5884.332000,124.198765,308.551738,0.052100,0.002745,0.006820,0.000416,0.000220,0.000546,0.026745,0.008646,0.021481,0.999416,0.000310,0.000770
udp_burst,oversub_4to1_40g,TcpNewReno,3,5630.558965,45.397304,112.782257,0.047714,0.000745,0.001850,0.000472,0.000105,0.000261,0.023941,0.006191,0.015379,0.999095,0.000734,0.001822
udp_burst,oversub_4to1_40g,TcpSwift,3,6404.110763,136.768257,339.778606,0.048878,0.001220,0.003030,0.000324,0.000098,0.000244,0.026868,0.005677,0.014104,0.999676,0.000063,0.000157
udp_burst,rdma_like_25g,TcpBbr,3,14620.708656,500.939865,1244.504046,0.018600,0.002086,0.005183,0.000185,0.000073,0.000180,0.027862,0.001903,0.004729,0.999236,0.000786,0.001951
udp_burst,rdma_like_25g,TcpCubic,3,14730.696928,377.793675,938.567262,0.019476,0.001911,0.004749,0.000123,0.000064,0.000160,0.027356,0.003616,0.008983,0.999900,0.000139,0.000346
udp_burst,rdma_like_25g,TcpNewReno,3,14299.023947,428.018163,1063.341876,0.018391,0.002020,0.005017,0.000120,0.000103,0.000257,0.024438,0.002679,0.006655,0.999001,0.001387,0.003445
udp_burst,rdma_like_25g,TcpSwift,3,15567.801504,804.024766,1997.469446,0.019054,0.002441,0.006065,0.000157,0.000065,0.000161,0.028152,0.001751,0.004350,0.999245,0.000924,0.002295
udp_burst,rdma_like_50g,TcpBbr,3,29374.257376,835.209273,2074.942309,0.010587,0.000699,0.001736,0.000085,0.000025,0.000061,0.029072,0.002953,0.007336,0.998850,0.001012,0.002513
udp_burst,rdma_like_50g,TcpCubic,3,29833.906896,215.165529,534.543946,0.011265,0.000515,0.001280,0.000071,0.000025,0.000063,0.028872,0.002592,0.006440,0.999835,0.000228,0.000567
udp_burst,rdma_like_50g,TcpNewReno,3,28934.990416,667.031230,1657.131171,0.010741,0.000945,0.002348,0.000104,0.000045,0.000112,0.026742,0.003323,0.008254,0.998958,0.000154,0.000382
udp_burst,rdma_like_50g,TcpSwift,3,31408.875339,913.633959,2269.775753,0.010707,0.000761,0.001891,0.000076,0.000020,0.000050,0.026113,0.001725,0.004287,0.999533,0.000057,0.000141
udp_burst,satellite_geo,TcpBbr,3,5.301557,0.046859,0.116414,359.277032,9.732804,24.179577,2.966038,1.890722,4.697193,0.029755,0.006361,0.015804,0.990242,0.015054,0.037398
udp_burst,satellite_geo,TcpCubic,3,5.464949,0.097672,0.242649,368.288830,3.965213,9.850931,3.895932,1.226662,3.047444,0.032494,0.000575,0.001428,0.997076,0.004539,0.011277
udp_burst,satellite_geo,TcpNewReno,3,5.167371,0.122716,0.304868,373.734478,5.582100,13.867823,2.657819,0.400984,0.996179,0.034370,0.000805,0.002000,0.997101,0.003140,0.007802
udp_burst,satellite_geo,TcpSwift,3,5.905989,0.168405,0.418376,360.718396,7.492090,18.612885,3.491545,1.314986,3.266869,0.030079,0.000869,0.002159,0.997845,0.001091,0.002709
udp_burst,satellite_leo,TcpBbr,3,82.250309,3.554531,8.830658,31.504662,1.121286,2.785654,0.351354,0.142301,0.353525,0.030131,0.005583,0.013870,0.997969,0.001447,0.003594
udp_burst,satellite_leo,TcpCubic,3,83.219611,2.910333,7.230252,32.372979,0.427733,1.062633,0.353967,0.133600,0.331907,0.026027,0.002804,0.006966,0.995332,0.003388,0.008417
udp_burst,satellite_leo,TcpNewReno,3,81.493931,2.976673,7.395063,33.611676,0.320385,0.795944,0.366297,0.111373,0.276688,0.029441,0.004181,0.010386,0.996038,0.002395,0.005949
udp_burst,satellite_leo,TcpSwift,3,89.555787,4.755414,11.814057,31.704168,0.643095,1.597666,0.363845,0.034232,0.085045,0.027405,0.005895,0.014644,0.998664,0.001096,0.002724
udp_burst,symmetric_low,TcpBbr,3,570.949467,14.145261,35.141612,0.439142,0.036935,0.091758,0.002652,0.001298,0.003225,0.024994,0.007658,0.019024,0.999243,0.000566,0.001406
udp_burst,symmetric_low,TcpCubic,3,567.725435,9.676995,24.040929,0.437515,0.026422,0.065640,0.002334,0.001152,0.002862,0.021960,0.004500,0.011180,0.998934,0.001358,0.003375
udp_burst,symmetric_low,TcpNewReno,3,563.501712,8.351050,20.746832,0.442182,0.016036,0.039838,0.002059,0.000783,0.001946,0.022259,0.004236,0.010525,0.999306,0.000140,0.000348
udp_burst,symmetric_low,TcpSwift,3,621.583227,18.970750,47.129758,0.431751,0.033335,0.082815,0.002448,0.000984,0.002445,0.021604,0.005566,0.013827,0.999622,0.000105,0.000260
udp_burst,wan_longhaul,TcpBbr,3,572.337312,13.996909,34.773055,26.422500,0.107976,0.268248,0.253863,0.135769,0.337297,0.028664,0.008006,0.019891,0.995109,0.005990,0.014882
udp_burst,wan_longhaul,TcpCubic,3,566.276811,17.208108,42.750760,26.352242,0.143680,0.356949,0.296583,0.095981,0.238449,0.028334,0.006178,0.015347,0.995925,0.001514,0.003762
udp_burst,wan_longhaul,TcpNewReno,3,547.412336,17.386344,43.193560,27.262648,0.328465,0.816018,0.132633,0.057537,0.142941,0.025215,0.004806,0.011941,0.998409,0.001114,0.002766
udp_burst,wan_longhaul,TcpSwift,3,604.921781,3.843599,9.548801,26.493432,0.214250,0.532268,0.214471,0.135018,0.335431,0.027784,0.007973,0.019808,0.998346,0.001667,0.004140
udp_burst,wan_metro,TcpBbr,3,564.011819,13.493433,33.522250,2.567434,0.070056,0.174042,0.026407,0.011422,0.028375,0.025703,0.003611,0.008971,0.997668,0.002565,0.006373
udp_burst,wan_metro,TcpCubic,3,569.193003,17.723376,44.030859,2.602269,0.022299,0.055398,0.012810,0.008933,0.022192,0.025429,0.003156,0.007842,0.997661,0.001830,0.004546
udp_burst,wan_metro,TcpNewReno,3,553.971499,6.580446,16.348053,2.682991,0.067261,0.167098,0.019927,0.007203,0.017894,0.024535,0.003596,0.008933,0.996266,0.002065,0.005130
udp_burst,wan_metro,TcpSwift,3,601.074768,7.238669,17.983302,2.596011,0.028637,0.071143,0.020018,0.007768,0.019298,0.024110,0.003144,0.007810,0.998275,0.001770,0.004397
udp_burst,wifi_ac,TcpBbr,3,220.716347,6.057128,15.047953,7.913474,0.291638,0.724528,0.068305,0.039706,0.098644,0.025797,0.002588,0.006428,0.997338,0.001724,0.004282
udp_burst,wifi_ac,TcpCubic,3,226.265163,5.818358,14.454769,8.147579,0.118105,0.293413,0.049228,0.032351,0.080372,0.030613,0.004882,0.012128,0.999148,0.000813,0.002020
udp_burst,wifi_ac,TcpNewReno,3,217.603808,6.180287,15.353924,8.199040,0.152259,0.378262,0.085681,0.026945,0.066940,0.028569,0.004409,0.010952,0.997740,0.001477,0.003670
udp_burst,wifi_ac,TcpSwift,3,244.392992,9.087331,22.576003,8.011697,0.261177,0.648852,0.075559,0.020102,0.049939,0.026266,0.002943,0.007311,0.999815,0.000158,0.000394
udp_burst,wifi_ax,TcpBbr,3,344.199259,6.958980,17.288461,5.707167,0.115634,0.287275,0.052599,0.033918,0.084264,0.024263,0.004304,0.010694,0.991426,0.007291,0.018113
udp_burst,wifi_ax,TcpCubic,3,346.694539,5.316555,13.208121,5.777219,0.119708,0.297395,0.053103,0.026675,0.066269,0.026914,0.004228,0.010503,0.997088,0.002311,0.005741
udp_burst,wifi_ax,TcpNewReno,3,334.380347,5.230785,12.995040,5.892825,0.168993,0.419837,0.044407,0.015928,0.039571,0.022547,0.003809,0.009463,0.997844,0.000871,0.002164
udp_burst,wifi_ax,TcpSwift,3,372.851269,14.621527,36.324817,5.705865,0.053761,0.133560,0.053525,0.028986,0.072012,0.023056,0.002832,0.007037,0.999511,0.000382,0.000950
udp_burst,wifi_legacy,TcpBbr,3,5.499483,0.238672,0.592943,76.394053,3.828779,9.511982,1.000891,0.114382,0.284163,0.032325,0.001423,0.003535,0.997606,0.001154,0.002867
udp_burst,wifi_legacy,TcpCubic,3,5.629723,0.116959,0.290566,80.698330,0.442983,1.100520,0.792423,0.337246,0.837834,0.031546,0.000652,0.001621,0.996839,0.001427,0.003544
udp_burst,wifi_legacy,TcpNewReno,3,5.479749,0.072913,0.181141,78.172727,3.343892,8.307359,1.033447,0.075500,0.187568,0.032404,0.000431,0.001070,0.994662,0.004338,0.010778
udp_burst,wifi_legacy,TcpSwift,3,6.035440,0.193642,0.481072,79.355809,1.204412,2.992167,0.959354,0.053190,0.132142,0.029438,0.000961,0.002388,0.997307,0.001282,0.003184
udp_burst,wifi_n,TcpBbr,3,27.772496,0.323415,0.803471,22.439921,0.590702,1.467503,0.203318,0.115556,0.287080,0.029119,0.003203,0.007958,0.997921,0.001541,0.003829
udp_burst,wifi_n,TcpCubic,3,28.235440,0.074291,0.184563,22.840785,0.065580,0.162924,0.288577,0.024223,0.060177,0.023741,0.008394,0.020854,0.996843,0.001949,0.004841
udp_burst,wifi_n,TcpNewReno,3,26.984741,0.141688,0.352000,22.373963,0.344557,0.855997,0.137499,0.039930,0.099201,0.022649,0.004457,0.011073,0.994720,0.003806,0.009456
udp_burst,wifi_n,TcpSwift,3,30.597717,0.328752,0.816730,22.395486,0.423475,1.052055,0.223676,0.090217,0.224129,0.021939,0.002439,0.006060,0.999210,0.001174,0.002916
