Setting,Scenario,Protocol,Seed,Goodput_Mbps,Util,Delay_ms,Jitter_ms,Loss_pct,Jain,Source
tcp_only,congested_heavy,TcpBbr,42,402.645248,0.805290,0.806395,0.004311,0.014701,0.999538,comparison/congested_heavy_TcpBbr_s42.flowmonitor
tcp_only,congested_heavy,TcpBbr,43,425.735024,0.851470,0.983239,0.003817,0.020576,0.996984,comparison/congested_heavy_TcpBbr_s43.flowmonitor
tcp_only,congested_heavy,TcpBbr,44,427.817088,0.855634,1.001864,0.011095,0.024348,0.999573,comparison/congested_heavy_TcpBbr_s44.flowmonitor
tcp_only,congested_heavy,TcpCubic,42,406.026752,0.812054,0.840615,0.005701,0.009914,0.999026,comparison/congested_heavy_TcpCubic_s42.flowmonitor
tcp_only,congested_heavy,TcpCubic,43,426.744976,0.853490,0.992549,0.006077,0.023994,0.997607,comparison/congested_heavy_TcpCubic_s43.flowmonitor
tcp_only,congested_heavy,TcpCubic,44,417.197200,0.834394,0.958914,0.011963,0.019862,0.999095,comparison/congested_heavy_TcpCubic_s44.flowmonitor
tcp_only,congested_heavy,TcpNewReno,42,400.148784,0.800298,0.860064,0.011921,0.013609,0.996289,comparison/congested_heavy_TcpNewReno_s42.flowmonitor
tcp_only,congested_heavy,TcpNewReno,43,423.717488,0.847435,1.036008,0.012769,0.016204,0.998830,comparison/congested_heavy_TcpNewReno_s43.flowmonitor
tcp_only,congested_heavy,TcpNewReno,44,406.672624,0.813345,0.910610,0.002215,0.010626,0.997063,comparison/congested_heavy_TcpNewReno_s44.flowmonitor
tcp_only,congested_heavy,TcpSwift,42,438.004224,0.876008,0.828293,0.005954,0.012974,0.999278,comparison/congested_heavy_TcpSwift_s42.flowmonitor
tcp_only,congested_heavy,TcpSwift,43,464.487936,0.928976,0.988625,0.005636,0.020898,0.998010,comparison/congested_heavy_TcpSwift_s43.flowmonitor
tcp_only,congested_heavy,TcpSwift,44,450.267504,0.900535,0.971888,0.011646,0.021820,0.997915,comparison/congested_heavy_TcpSwift_s44.flowmonitor
tcp_only,dc_100m,TcpBbr,42,86.925136,0.869251,5.019344,0.033936,0.025873,0.998601,comparison/dc_100m_TcpBbr_s42.flowmonitor
tcp_only,dc_100m,TcpBbr,43,81.572272,0.815723,3.863985,0.026837,0.013062,0.999436,comparison/dc_100m_TcpBbr_s43.flowmonitor
tcp_only,dc_100m,TcpBbr,44,84.109584,0.841096,4.468392,0.058360,0.018297,0.999465,comparison/dc_100m_TcpBbr_s44.flowmonitor
tcp_only,dc_100m,TcpCubic,42,85.597872,0.855979,4.719997,0.038697,0.014522,0.999343,comparison/dc_100m_TcpCubic_s42.flowmonitor
tcp_only,dc_100m,TcpCubic,43,85.613264,0.856133,4.600405,0.017792,0.013828,0.999006,comparison/dc_100m_TcpCubic_s43.flowmonitor
tcp_only,dc_100m,TcpCubic,44,85.467040,0.854670,4.726494,0.025319,0.020083,0.999800,comparison/dc_100m_TcpCubic_s44.flowmonitor
tcp_only,dc_100m,TcpNewReno,42,85.470592,0.854706,4.701256,0.019641,0.016620,0.999419,comparison/dc_100m_TcpNewReno_s42.flowmonitor
tcp_only,dc_100m,TcpNewReno,43,83.048720,0.830487,4.438036,0.052622,0.013542,0.998770,comparison/dc_100m_TcpNewReno_s43.flowmonitor
tcp_only,dc_100m,TcpNewReno,44,80.453984,0.804540,3.901584,0.035406,0.011772,0.999548,comparison/dc_100m_TcpNewReno_s44.flowmonitor
tcp_only,dc_100m,TcpSwift,42,91.873664,0.918737,4.585495,0.030895,0.014818,0.999496,comparison/dc_100m_TcpSwift_s42.flowmonitor
tcp_only,dc_100m,TcpSwift,43,87.970608,0.879706,4.465018,0.025408,0.013457,0.999718,comparison/dc_100m_TcpSwift_s43.flowmonitor
tcp_only,dc_100m,TcpSwift,44,93.803584,0.938036,4.310317,0.033982,0.017668,0.999952,comparison/dc_100m_TcpSwift_s44.flowmonitor
tcp_only,lte_poor,TcpBbr,42,7.556288,0.755629,107.560926,0.299221,0.015667,0.997879,comparison/lte_poor_TcpBbr_s42.flowmonitor
tcp_only,lte_poor,TcpBbr,43,8.185584,0.818558,116.956588,1.630813,0.021692,0.993562,comparison/lte_poor_TcpBbr_s43.flowmonitor
tcp_only,lte_poor,TcpBbr,44,7.803152,0.780315,109.616483,0.338739,0.007586,0.992101,comparison/lte_poor_TcpBbr_s44.flowmonitor
tcp_only,lte_poor,TcpCubic,42,7.838672,0.783867,108.102702,0.491978,0.000000,0.997987,comparison/lte_poor_TcpCubic_s42.flowmonitor
tcp_only,lte_poor,TcpCubic,43,8.055344,0.805534,113.897367,0.801005,0.022043,0.997856,comparison/lte_poor_TcpCubic_s43.flowmonitor
tcp_only,lte_poor,TcpCubic,44,8.223472,0.822347,119.930501,1.408452,0.021592,0.998641,comparison/lte_poor_TcpCubic_s44.flowmonitor
tcp_only,lte_poor,TcpNewReno,42,7.432560,0.743256,110.861679,0.350272,0.000000,0.999936,comparison/lte_poor_TcpNewReno_s42.flowmonitor
tcp_only,lte_poor,TcpNewReno,43,7.982528,0.798253,118.284560,0.903132,0.014830,0.985699,comparison/lte_poor_TcpNewReno_s43.flowmonitor
tcp_only,lte_poor,TcpNewReno,44,7.794864,0.779486,116.771081,0.982972,0.022779,0.997793,comparison/lte_poor_TcpNewReno_s44.flowmonitor
tcp_only,lte_poor,TcpSwift,42,8.681680,0.868168,107.728783,0.340312,0.000000,0.996360,comparison/lte_poor_TcpSwift_s42.flowmonitor
tcp_only,lte_poor,TcpSwift,43,8.373840,0.837384,115.897434,0.910088,0.021204,0.999374,comparison/lte_poor_TcpSwift_s43.flowmonitor
tcp_only,lte_poor,TcpSwift,44,8.630768,0.863077,115.459726,0.885377,0.020573,0.997546,comparison/lte_poor_TcpSwift_s44.flowmonitor
tcp_only,satellite_geo,TcpBbr,42,7.821504,0.782150,367.493588,2.873741,0.015135,0.999321,comparison/satellite_geo_TcpBbr_s42.flowmonitor
tcp_only,satellite_geo,TcpBbr,43,7.599504,0.759950,357.190594,4.137289,0.023364,0.994330,comparison/satellite_geo_TcpBbr_s43.flowmonitor
tcp_only,satellite_geo,TcpBbr,44,8.028112,0.802811,370.199306,2.700408,0.022117,0.999335,comparison/satellite_geo_TcpBbr_s44.flowmonitor
tcp_only,satellite_geo,TcpCubic,42,7.887216,0.788722,371.351466,5.257864,0.022512,0.994997,comparison/satellite_geo_TcpCubic_s42.flowmonitor
tcp_only,satellite_geo,TcpCubic,43,7.774144,0.777414,356.515660,4.406705,0.022840,0.996267,comparison/satellite_geo_TcpCubic_s43.flowmonitor
tcp_only,satellite_geo,TcpCubic,44,8.232352,0.823235,361.434838,4.121748,0.021569,0.996671,comparison/satellite_geo_TcpCubic_s44.flowmonitor
tcp_only,satellite_geo,TcpNewReno,42,7.778880,0.777888,375.091093,5.185510,0.015218,0.999761,comparison/satellite_geo_TcpNewReno_s42.flowmonitor
tcp_only,satellite_geo,TcpNewReno,43,7.456240,0.745624,379.639037,1.712812,0.023813,0.995903,comparison/satellite_geo_TcpNewReno_s43.flowmonitor
tcp_only,satellite_geo,TcpNewReno,44,7.800784,0.780078,372.594054,5.253746,0.015176,0.992329,comparison/satellite_geo_TcpNewReno_s44.flowmonitor
tcp_only,satellite_geo,TcpSwift,42,8.421200,0.842120,364.875017,5.392907,0.021085,0.999216,comparison/satellite_geo_TcpSwift_s42.flowmonitor
tcp_only,satellite_geo,TcpSwift,43,8.320560,0.832056,345.118903,3.973545,0.021340,0.998325,comparison/satellite_geo_TcpSwift_s43.flowmonitor
tcp_only,satellite_geo,TcpSwift,44,8.610048,0.861005,356.566596,4.306784,0.020623,0.999195,comparison/satellite_geo_TcpSwift_s44.flowmonitor
tcp_only,wan_longhaul,TcpBbr,42,860.215664,0.860216,26.132081,0.097348,0.024219,0.997046,comparison/wan_longhaul_TcpBbr_s42.flowmonitor
tcp_only,wan_longhaul,TcpBbr,43,840.285984,0.840286,26.864529,0.094745,0.023385,0.999407,comparison/wan_longhaul_TcpBbr_s43.flowmonitor
tcp_only,wan_longhaul,TcpBbr,44,801.040528,0.801041,26.730831,0.385883,0.008720,0.991780,comparison/wan_longhaul_TcpBbr_s44.flowmonitor
tcp_only,wan_longhaul,TcpCubic,42,859.842112,0.859842,26.862549,0.118607,0.019068,0.999503,comparison/wan_longhaul_TcpCubic_s42.flowmonitor
tcp_only,wan_longhaul,TcpCubic,43,822.950448,0.822950,26.185894,0.298269,0.013019,0.999398,comparison/wan_longhaul_TcpCubic_s43.flowmonitor
tcp_only,wan_longhaul,TcpCubic,44,793.017152,0.793017,26.319887,0.268075,0.012465,0.999220,comparison/wan_longhaul_TcpCubic_s44.flowmonitor
tcp_only,wan_longhaul,TcpNewReno,42,831.947072,0.831947,27.741975,0.121324,0.015368,0.994682,comparison/wan_longhaul_TcpNewReno_s42.flowmonitor
tcp_only,wan_longhaul,TcpNewReno,43,805.079744,0.805080,27.599292,0.111792,0.014999,0.996810,comparison/wan_longhaul_TcpNewReno_s43.flowmonitor
tcp_only,wan_longhaul,TcpNewReno,44,757.559312,0.757559,27.608890,0.069686,0.009377,0.994311,comparison/wan_longhaul_TcpNewReno_s44.flowmonitor
tcp_only,wan_longhaul,TcpSwift,42,912.602928,0.912603,27.331694,0.110551,0.017966,0.995636,comparison/wan_longhaul_TcpSwift_s42.flowmonitor
tcp_only,wan_longhaul,TcpSwift,43,920.714512,0.920715,26.324430,0.102575,0.014658,0.999575,comparison/wan_longhaul_TcpSwift_s43.flowmonitor
tcp_only,wan_longhaul,TcpSwift,44,866.110208,0.866110,26.185867,0.251095,0.008270,0.999529,comparison/wan_longhaul_TcpSwift_s44.flowmonitor
tcp_only,wan_metro,TcpBbr,42,821.238384,0.821238,2.567425,0.014494,0.013118,0.997785,comparison/wan_metro_TcpBbr_s42.flowmonitor
tcp_only,wan_metro,TcpBbr,43,865.364880,0.865365,2.730725,0.016346,0.017715,0.994663,comparison/wan_metro_TcpBbr_s43.flowmonitor
tcp_only,wan_metro,TcpBbr,44,824.176480,0.824176,2.663705,0.019285,0.012856,0.995134,comparison/wan_metro_TcpBbr_s44.flowmonitor
tcp_only,wan_metro,TcpCubic,42,830.168704,0.830169,2.575521,0.033949,0.013191,0.997914,comparison/wan_metro_TcpCubic_s42.flowmonitor
tcp_only,wan_metro,TcpCubic,43,862.886768,0.862887,2.628951,0.017700,0.020441,0.998350,comparison/wan_metro_TcpCubic_s43.flowmonitor
tcp_only,wan_metro,TcpCubic,44,834.573776,0.834574,2.588427,0.018058,0.011845,0.999333,comparison/wan_metro_TcpCubic_s44.flowmonitor
tcp_only,wan_metro,TcpNewReno,42,795.954064,0.795954,2.662391,0.023997,0.007586,0.998347,comparison/wan_metro_TcpNewReno_s42.flowmonitor
tcp_only,wan_metro,TcpNewReno,43,856.409104,0.856409,2.784342,0.032464,0.021770,0.997166,comparison/wan_metro_TcpNewReno_s43.flowmonitor
tcp_only,wan_metro,TcpNewReno,44,826.778912,0.826779,2.745296,0.025126,0.014319,0.995899,comparison/wan_metro_TcpNewReno_s44.flowmonitor
tcp_only,wan_metro,TcpSwift,42,905.046048,0.905046,2.617791,0.022648,0.011249,0.999720,comparison/wan_metro_TcpSwift_s42.flowmonitor
tcp_only,wan_metro,TcpSwift,43,904.327360,0.904327,2.663416,0.017761,0.019700,0.999372,comparison/wan_metro_TcpSwift_s43.flowmonitor
tcp_only,wan_metro,TcpSwift,44,914.913504,0.914914,2.702115,0.018191,0.014039,0.999384,comparison/wan_metro_TcpSwift_s44.flowmonitor
tcp_only,wifi_n,TcpBbr,42,40.001440,0.800029,21.501758,0.140181,0.013318,0.999971,comparison/wifi_n_TcpBbr_s42.flowmonitor
tcp_only,wifi_n,TcpBbr,43,42.937168,0.858743,24.192120,0.286197,0.020677,0.998649,comparison/wifi_n_TcpBbr_s43.flowmonitor
tcp_only,wifi_n,TcpBbr,44,40.250080,0.805002,21.904759,0.308775,0.013235,0.999904,comparison/wifi_n_TcpBbr_s44.flowmonitor
tcp_only,wifi_n,TcpCubic,42,40.981792,0.819636,22.639056,0.260642,0.017332,0.996438,comparison/wifi_n_TcpCubic_s42.flowmonitor
tcp_only,wifi_n,TcpCubic,43,44.107552,0.882151,25.361115,0.236394,0.024153,0.999080,comparison/wifi_n_TcpCubic_s43.flowmonitor
tcp_only,wifi_n,TcpCubic,44,41.278976,0.825580,23.035903,0.305054,0.020074,0.997989,comparison/wifi_n_TcpCubic_s44.flowmonitor
tcp_only,wifi_n,TcpNewReno,42,39.502976,0.790060,23.112485,0.200354,0.010489,0.993471,comparison/wifi_n_TcpNewReno_s42.flowmonitor
tcp_only,wifi_n,TcpNewReno,43,42.214928,0.844299,24.496600,0.230086,0.016825,0.997004,comparison/wifi_n_TcpNewReno_s43.flowmonitor
tcp_only,wifi_n,TcpNewReno,44,39.829168,0.796583,23.588020,0.078926,0.010403,0.999216,comparison/wifi_n_TcpNewReno_s44.flowmonitor
tcp_only,wifi_n,TcpSwift,42,45.382720,0.907654,22.519489,0.180367,0.013043,0.998853,comparison/wifi_n_TcpSwift_s42.flowmonitor
tcp_only,wifi_n,TcpSwift,43,47.533456,0.950669,24.177443,0.213220,0.022413,0.999731,comparison/wifi_n_TcpSwift_s43.flowmonitor
tcp_only,wifi_n,TcpSwift,44,42.722864,0.854457,22.629327,0.284599,0.012470,0.999958,comparison/wifi_n_TcpSwift_s44.flowmonitor
udp_burst,congested_heavy,TcpBbr,42,290.551232,0.581102,0.951756,0.012421,0.032997,0.998531,comparison-udp/congested_heavy_TcpBbr_s42.flowmonitor
udp_burst,congested_heavy,TcpBbr,43,274.535856,0.549072,0.876141,0.002870,0.025223,0.996671,comparison-udp/congested_heavy_TcpBbr_s43.flowmonitor
udp_burst,congested_heavy,TcpBbr,44,284.642480,0.569285,0.910978,0.010025,0.031603,0.996171,comparison-udp/congested_heavy_TcpBbr_s44.flowmonitor
udp_burst,congested_heavy,TcpCubic,42,293.485776,0.586972,1.001029,0.006345,0.033473,0.997356,comparison-udp/congested_heavy_TcpCubic_s42.flowmonitor
udp_burst,congested_heavy,TcpCubic,43,283.495184,0.566990,0.982527,0.002490,0.025887,0.998837,comparison-udp/congested_heavy_TcpCubic_s43.flowmonitor
udp_burst,congested_heavy,TcpCubic,44,294.243536,0.588487,1.014069,0.008510,0.031577,0.998900,comparison-udp/congested_heavy_TcpCubic_s44.flowmonitor
udp_burst,congested_heavy,TcpNewReno,42,295.080032,0.590160,1.045993,0.007297,0.034295,0.998983,comparison-udp/congested_heavy_TcpNewReno_s42.flowmonitor
udp_burst,congested_heavy,TcpNewReno,43,270.137296,0.540275,0.869107,0.003985,0.028481,0.997237,comparison-udp/congested_heavy_TcpNewReno_s43.flowmonitor
udp_burst,congested_heavy,TcpNewReno,44,280.839472,0.561679,0.909396,0.011151,0.028028,0.991824,comparison-udp/congested_heavy_TcpNewReno_s44.flowmonitor
udp_burst,congested_heavy,TcpSwift,42,311.754896,0.623510,0.986648,0.006723,0.034738,0.999937,comparison-udp/congested_heavy_TcpSwift_s42.flowmonitor
udp_burst,congested_heavy,TcpSwift,43,290.743040,0.581486,0.865352,0.002796,0.027074,0.999652,comparison-udp/congested_heavy_TcpSwift_s43.flowmonitor
udp_burst,congested_heavy,TcpSwift,44,315.699984,0.631400,0.925871,0.010194,0.032243,0.998472,comparison-udp/congested_heavy_TcpSwift_s44.flowmonitor
udp_burst,dc_100m,TcpBbr,42,58.967936,0.589679,4.810433,0.062511,0.038135,0.998292,comparison-udp/dc_100m_TcpBbr_s42.flowmonitor
udp_burst,dc_100m,TcpBbr,43,55.823824,0.558238,3.751664,0.020080,0.018025,0.998987,comparison-udp/dc_100m_TcpBbr_s43.flowmonitor
udp_burst,dc_100m,TcpBbr,44,57.293760,0.572938,4.153559,0.053881,0.023760,0.999763,comparison-udp/dc_100m_TcpBbr_s44.flowmonitor
udp_burst,dc_100m,TcpCubic,42,58.218464,0.582185,4.796223,0.022273,0.024399,0.999828,comparison-udp/dc_100m_TcpCubic_s42.flowmonitor
udp_burst,dc_100m,TcpCubic,43,56.745568,0.567456,4.178199,0.018386,0.019818,0.998861,comparison-udp/dc_100m_TcpCubic_s43.flowmonitor
udp_burst,dc_100m,TcpCubic,44,57.558384,0.575584,4.342407,0.011428,0.018510,0.999237,comparison-udp/dc_100m_TcpCubic_s44.flowmonitor
udp_burst,dc_100m,TcpNewReno,42,57.804064,0.578041,4.669747,0.057508,0.033786,0.999706,comparison-udp/dc_100m_TcpNewReno_s42.flowmonitor
udp_burst,dc_100m,TcpNewReno,43,54.078608,0.540786,3.588122,0.016219,0.016418,0.997170,comparison-udp/dc_100m_TcpNewReno_s43.flowmonitor
udp_burst,dc_100m,TcpNewReno,44,54.847616,0.548476,3.884437,0.025098,0.021582,0.997930,comparison-udp/dc_100m_TcpNewReno_s44.flowmonitor
udp_burst,dc_100m,TcpSwift,42,64.627456,0.646275,4.784714,0.057507,0.037543,0.999188,comparison-udp/dc_100m_TcpSwift_s42.flowmonitor
udp_burst,dc_100m,TcpSwift,43,58.053296,0.580533,3.675824,0.018145,0.016313,0.999515,comparison-udp/dc_100m_TcpSwift_s43.flowmonitor
udp_burst,dc_100m,TcpSwift,44,61.435392,0.614354,4.190675,0.024618,0.022158,0.998372,comparison-udp/dc_100m_TcpSwift_s44.flowmonitor
udp_burst,lte_poor,TcpBbr,42,5.741216,0.574122,113.523401,1.116658,0.030925,0.999196,comparison-udp/lte_poor_TcpBbr_s42.flowmonitor
udp_burst,lte_poor,TcpBbr,43,5.242752,0.524275,106.651967,0.973451,0.022578,0.996476,comparison-udp/lte_poor_TcpBbr_s43.flowmonitor
udp_burst,lte_poor,TcpBbr,44,5.494944,0.549494,116.939265,1.682628,0.032310,0.995226,comparison-udp/lte_poor_TcpBbr_s44.flowmonitor
udp_burst,lte_poor,TcpCubic,42,5.730560,0.573056,116.895932,0.719160,0.030982,0.999744,comparison-udp/lte_poor_TcpCubic_s42.flowmonitor
udp_burst,lte_poor,TcpCubic,43,5.505008,0.550501,116.177521,0.311023,0.032251,0.996382,comparison-udp/lte_poor_TcpCubic_s43.flowmonitor
udp_burst,lte_poor,TcpCubic,44,5.532832,0.553283,114.367233,1.027399,0.032089,0.998639,comparison-udp/lte_poor_TcpCubic_s44.flowmonitor
udp_burst,lte_poor,TcpNewReno,42,5.504416,0.550442,114.720496,1.256449,0.032255,0.999487,comparison-udp/lte_poor_TcpNewReno_s42.flowmonitor
udp_burst,lte_poor,TcpNewReno,43,5.199536,0.519954,109.385216,1.128245,0.034145,0.992884,comparison-udp/lte_poor_TcpNewReno_s43.flowmonitor
udp_burst,lte_poor,TcpNewReno,44,5.519808,0.551981,118.305315,1.039859,0.032165,0.989609,comparison-udp/lte_poor_TcpNewReno_s44.flowmonitor
udp_burst,lte_poor,TcpSwift,42,6.050240,0.605024,111.656355,1.076640,0.029346,0.999344,comparison-udp/lte_poor_TcpSwift_s42.flowmonitor
udp_burst,lte_poor,TcpSwift,43,5.666032,0.566603,111.385621,1.019787,0.031335,0.999043,comparison-udp/lte_poor_TcpSwift_s43.flowmonitor
udp_burst,lte_poor,TcpSwift,44,5.894544,0.589454,114.738157,1.037979,0.030120,0.997855,comparison-udp/lte_poor_TcpSwift_s44.flowmonitor
udp_burst,satellite_geo,TcpBbr,42,5.268800,0.526880,358.949746,4.956352,0.033697,0.998881,comparison-udp/satellite_geo_TcpBbr_s42.flowmonitor
udp_burst,satellite_geo,TcpBbr,43,5.280640,0.528064,349.711999,1.193825,0.022416,0.972860,comparison-udp/satellite_geo_TcpBbr_s43.flowmonitor
udp_burst,satellite_geo,TcpBbr,44,5.355232,0.535523,369.169351,2.747936,0.033153,0.998987,comparison-udp/satellite_geo_TcpBbr_s44.flowmonitor
udp_burst,satellite_geo,TcpCubic,42,5.577232,0.557723,366.650105,5.162052,0.031834,0.991837,comparison-udp/satellite_geo_TcpCubic_s42.flowmonitor
udp_burst,satellite_geo,TcpCubic,43,5.417984,0.541798,372.810739,3.812786,0.032769,0.999575,comparison-udp/satellite_geo_TcpCubic_s43.flowmonitor
udp_burst,satellite_geo,TcpCubic,44,5.399632,0.539963,365.405646,2.712959,0.032880,0.999817,comparison-udp/satellite_geo_TcpCubic_s44.flowmonitor
udp_burst,satellite_geo,TcpNewReno,42,5.309056,0.530906,379.880792,2.758068,0.033441,0.999198,comparison-udp/satellite_geo_TcpNewReno_s42.flowmonitor
udp_burst,satellite_geo,TcpNewReno,43,5.098304,0.509830,372.342677,2.999167,0.034823,0.993491,comparison-udp/satellite_geo_TcpNewReno_s43.flowmonitor
udp_burst,satellite_geo,TcpNewReno,44,5.094752,0.509475,368.979966,2.216222,0.034847,0.998615,comparison-udp/satellite_geo_TcpNewReno_s44.flowmonitor
udp_burst,satellite_geo,TcpSwift,42,6.036032,0.603603,355.300447,4.999319,0.029415,0.997840,comparison-udp/satellite_geo_TcpSwift_s42.flowmonitor
udp_burst,satellite_geo,TcpSwift,43,5.966176,0.596618,369.268242,2.893061,0.029759,0.996757,comparison-udp/satellite_geo_TcpSwift_s43.flowmonitor
udp_burst,satellite_geo,TcpSwift,44,5.715760,0.571576,357.586498,2.582256,0.031062,0.998938,comparison-udp/satellite_geo_TcpSwift_s44.flowmonitor
udp_burst,wan_longhaul,TcpBbr,42,559.445328,0.559445,26.501042,0.372295,0.024544,0.999390,comparison-udp/wan_longhaul_TcpBbr_s42.flowmonitor
udp_burst,wan_longhaul,TcpBbr,43,587.224928,0.587225,26.299371,0.105688,0.037891,0.997674,comparison-udp/wan_longhaul_TcpBbr_s43.flowmonitor
udp_burst,wan_longhaul,TcpBbr,44,570.341680,0.570342,26.467086,0.283605,0.023556,0.988263,comparison-udp/wan_longhaul_TcpBbr_s44.flowmonitor
udp_burst,wan_longhaul,TcpCubic,42,551.365712,0.551366,26.250804,0.375553,0.027479,0.997289,comparison-udp/wan_longhaul_TcpCubic_s42.flowmonitor
udp_burst,wan_longhaul,TcpCubic,43,585.106160,0.585106,26.289265,0.324442,0.034894,0.994296,comparison-udp/wan_longhaul_TcpCubic_s43.flowmonitor
udp_burst,wan_longhaul,TcpCubic,44,562.358560,0.562359,26.516656,0.189755,0.022628,0.996191,comparison-udp/wan_longhaul_TcpCubic_s44.flowmonitor
udp_burst,wan_longhaul,TcpNewReno,42,529.161568,0.529162,26.945413,0.195108,0.028632,0.999336,comparison-udp/wan_longhaul_TcpNewReno_s42.flowmonitor
udp_burst,wan_longhaul,TcpNewReno,43,563.781136,0.563781,27.241234,0.081822,0.027294,0.998717,comparison-udp/wan_longhaul_TcpNewReno_s43.flowmonitor
udp_burst,wan_longhaul,TcpNewReno,44,549.294304,0.549294,27.601296,0.120969,0.019719,0.997174,comparison-udp/wan_longhaul_TcpNewReno_s44.flowmonitor
udp_burst,wan_longhaul,TcpSwift,42,608.954880,0.608955,26.396956,0.363766,0.024298,0.999034,comparison-udp/wan_longhaul_TcpSwift_s42.flowmonitor
udp_burst,wan_longhaul,TcpSwift,43,604.509552,0.604510,26.344383,0.100924,0.036906,0.996446,comparison-udp/wan_longhaul_TcpSwift_s43.flowmonitor
udp_burst,wan_longhaul,TcpSwift,44,601.300912,0.601301,26.738957,0.178724,0.022147,0.999559,comparison-udp/wan_longhaul_TcpSwift_s44.flowmonitor
udp_burst,wan_metro,TcpBbr,42,569.105584,0.569106,2.641177,0.034197,0.029430,0.998429,comparison-udp/wan_metro_TcpBbr_s42.flowmonitor
udp_burst,wan_metro,TcpBbr,43,574.216912,0.574217,2.559360,0.013296,0.025458,0.999767,comparison-udp/wan_metro_TcpBbr_s43.flowmonitor
udp_burst,wan_metro,TcpBbr,44,548.712960,0.548713,2.501765,0.031729,0.022220,0.994809,comparison-udp/wan_metro_TcpBbr_s44.flowmonitor
udp_burst,wan_metro,TcpCubic,42,564.437072,0.564437,2.577523,0.008663,0.029044,0.998125,comparison-udp/wan_metro_TcpCubic_s42.flowmonitor
udp_burst,wan_metro,TcpCubic,43,588.809120,0.588809,2.620804,0.023063,0.023220,0.995644,comparison-udp/wan_metro_TcpCubic_s43.flowmonitor
udp_burst,wan_metro,TcpCubic,44,554.332816,0.554333,2.608480,0.006705,0.024023,0.999214,comparison-udp/wan_metro_TcpCubic_s44.flowmonitor
udp_burst,wan_metro,TcpNewReno,42,558.079584,0.558080,2.668412,0.014311,0.028209,0.998529,comparison-udp/wan_metro_TcpNewReno_s42.flowmonitor
udp_burst,wan_metro,TcpNewReno,43,557.453248,0.557453,2.624215,0.017423,0.021023,0.995782,comparison-udp/wan_metro_TcpNewReno_s43.flowmonitor
udp_burst,wan_metro,TcpNewReno,44,546.381664,0.546382,2.756345,0.028048,0.024373,0.994486,comparison-udp/wan_metro_TcpNewReno_s44.flowmonitor
udp_burst,wan_metro,TcpSwift,42,592.846560,0.592847,2.606027,0.014601,0.027154,0.998995,comparison-udp/wan_metro_TcpSwift_s42.flowmonitor
udp_burst,wan_metro,TcpSwift,43,603.915776,0.603916,2.563712,0.016535,0.020875,0.999571,comparison-udp/wan_metro_TcpSwift_s43.flowmonitor
udp_burst,wan_metro,TcpSwift,44,606.461968,0.606462,2.618295,0.028918,0.024300,0.996259,comparison-udp/wan_metro_TcpSwift_s44.flowmonitor
udp_burst,wifi_n,TcpBbr,42,27.561744,0.551235,22.503939,0.304050,0.025768,0.997149,comparison-udp/wifi_n_TcpBbr_s42.flowmonitor
udp_burst,wifi_n,TcpBbr,43,27.610880,0.552218,21.819818,0.077169,0.032151,0.999696,comparison-udp/wifi_n_TcpBbr_s43.flowmonitor
udp_burst,wifi_n,TcpBbr,44,28.144864,0.562897,22.996007,0.228734,0.029439,0.996919,comparison-udp/wifi_n_TcpBbr_s44.flowmonitor
udp_burst,wifi_n,TcpCubic,42,28.320688,0.566414,22.802870,0.307852,0.033434,0.995905,comparison-udp/wifi_n_TcpCubic_s42.flowmonitor
udp_burst,wifi_n,TcpCubic,43,28.201104,0.564022,22.802974,0.261387,0.018889,0.999084,comparison-udp/wifi_n_TcpCubic_s43.flowmonitor
udp_burst,wifi_n,TcpCubic,44,28.184528,0.563691,22.916511,0.296491,0.018900,0.995542,comparison-udp/wifi_n_TcpCubic_s44.flowmonitor
udp_burst,wifi_n,TcpNewReno,42,27.121888,0.542438,22.609387,0.102130,0.026186,0.998174,comparison-udp/wifi_n_TcpNewReno_s42.flowmonitor
udp_burst,wifi_n,TcpNewReno,43,26.838912,0.536778,21.978489,0.129567,0.017643,0.990639,comparison-udp/wifi_n_TcpNewReno_s43.flowmonitor
udp_burst,wifi_n,TcpNewReno,44,26.993424,0.539868,22.534013,0.180801,0.024119,0.995346,comparison-udp/wifi_n_TcpNewReno_s44.flowmonitor
udp_burst,wifi_n,TcpSwift,42,30.296784,0.605936,22.039917,0.314189,0.023443,0.999867,comparison-udp/wifi_n_TcpSwift_s42.flowmonitor
udp_burst,wifi_n,TcpSwift,43,30.948576,0.618972,22.282565,0.133759,0.019125,0.999910,comparison-udp/wifi_n_TcpSwift_s43.flowmonitor
udp_burst,wifi_n,TcpSwift,44,30.547792,0.610956,22.863975,0.223081,0.023250,0.997855,comparison-udp/wifi_n_TcpSwift_s44.flowmonitor
