Setting,Scenario,Protocol,Runs,Goodput_Mbps_Mean,Goodput_Mbps_CI95,Delay_ms_Mean,Delay_ms_CI95,Loss_pct_Mean,Loss_pct_CI95,Jitter_ms_Mean,Jain_Mean,Util_Mean
tcp_only,congested_heavy,TcpBbr,3,418.732453,34.708115,0.930499,0.268011,0.019875,0.012079,0.006408,0.998698,0.837465
tcp_only,congested_heavy,TcpCubic,3,416.656309,25.761835,0.930693,0.198254,0.017923,0.017980,0.007914,0.998576,0.833313
tcp_only,congested_heavy,TcpNewReno,3,410.179632,30.233006,0.935560,0.225048,0.013480,0.006935,0.008968,0.997394,0.820359
tcp_only,congested_heavy,TcpSwift,3,450.919888,32.927178,0.929602,0.218955,0.018564,0.012082,0.007745,0.998401,0.901840
tcp_only,dc_100m,TcpBbr,3,84.202331,6.652156,4.450573,1.435664,0.019077,0.016002,0.039711,0.999167,0.842023
tcp_only,dc_100m,TcpCubic,3,85.559392,0.199613,4.682299,0.176379,0.016144,0.008519,0.027269,0.999383,0.855594
tcp_only,dc_100m,TcpNewReno,3,82.991099,6.232709,4.346959,1.012471,0.013978,0.006096,0.035890,0.999246,0.829911
tcp_only,dc_100m,TcpSwift,3,91.215952,7.382432,4.453610,0.342698,0.015314,0.005338,0.030095,0.999722,0.912160
tcp_only,lte_poor,TcpBbr,3,7.848341,0.787715,111.377999,12.270925,0.014982,0.017584,0.756258,0.994514,0.784834
tcp_only,lte_poor,TcpCubic,3,8.039163,0.479253,113.976857,14.693122,0.014545,0.031298,0.900478,0.998162,0.803916
tcp_only,lte_poor,TcpNewReno,3,7.736651,0.694539,115.305774,9.744541,0.012536,0.028723,0.745459,0.994476,0.773665
tcp_only,lte_poor,TcpSwift,3,8.562096,0.409940,113.028648,11.415615,0.013926,0.029972,0.711925,0.997760,0.856210
tcp_only,satellite_geo,TcpBbr,3,7.816373,0.532518,364.961162,17.052866,0.020206,0.011018,3.237146,0.997662,0.781637
tcp_only,satellite_geo,TcpCubic,3,7.964571,0.593005,363.100655,18.773856,0.022307,0.001639,4.595439,0.995979,0.796457
tcp_only,satellite_geo,TcpNewReno,3,7.678635,0.479255,375.774728,8.873806,0.018069,0.012359,4.050689,0.995997,0.767863
tcp_only,satellite_geo,TcpSwift,3,8.450603,0.365115,355.520172,24.643491,0.021016,0.000903,4.557745,0.998912,0.845060
tcp_only,wan_longhaul,TcpBbr,3,833.847392,74.799450,26.575814,0.969028,0.018774,0.021657,0.192658,0.996078,0.833847
tcp_only,wan_longhaul,TcpCubic,3,825.269904,83.157770,26.456110,0.890152,0.014851,0.009099,0.228317,0.999373,0.825270
tcp_only,wan_longhaul,TcpNewReno,3,798.195376,93.581779,27.650052,0.198130,0.013248,0.008341,0.100934,0.995268,0.798195
tcp_only,wan_longhaul,TcpSwift,3,899.809216,73.200207,26.613997,1.553689,0.013631,0.012245,0.154740,0.998247,0.899809
tcp_only,wan_metro,TcpBbr,3,836.926581,61.293750,2.653952,0.203928,0.014563,0.006790,0.016708,0.995861,0.836927
tcp_only,wan_metro,TcpCubic,3,842.543083,44.110145,2.597633,0.069261,0.015159,0.011487,0.023235,0.998532,0.842543
tcp_only,wan_metro,TcpNewReno,3,826.380693,75.100270,2.730676,0.154715,0.014558,0.017627,0.027195,0.997137,0.826381
tcp_only,wan_metro,TcpSwift,3,908.095637,14.695781,2.661107,0.104863,0.014996,0.010698,0.019533,0.999492,0.908096
tcp_only,wifi_n,TcpBbr,3,41.062896,4.044307,22.532879,3.604785,0.015743,0.010615,0.245051,0.999508,0.821258
tcp_only,wifi_n,TcpCubic,3,42.122773,4.286178,23.678691,3.653147,0.020520,0.008528,0.267363,0.997836,0.842455
tcp_only,wifi_n,TcpNewReno,3,40.515691,3.678294,23.732369,1.747130,0.012573,0.009150,0.169789,0.996564,0.810314
tcp_only,wifi_n,TcpSwift,3,45.213013,5.986713,23.108753,2.303331,0.015975,0.013869,0.226062,0.999514,0.904260
udp_burst,congested_heavy,TcpBbr,3,283.243189,20.120314,0.912958,0.094023,0.029941,0.010297,0.008439,0.997124,0.566486
udp_burst,congested_heavy,TcpCubic,3,290.408165,14.903034,0.999208,0.039376,0.030313,0.009808,0.005782,0.998364,0.580816
udp_burst,congested_heavy,TcpNewReno,3,282.018933,31.086841,0.941499,0.230323,0.030268,0.008682,0.007478,0.996015,0.564038
udp_burst,congested_heavy,TcpSwift,3,306.065973,33.329519,0.925957,0.150670,0.031352,0.009712,0.006571,0.999354,0.612132
udp_burst,dc_100m,TcpBbr,3,57.361840,3.908265,4.238552,1.327822,0.026640,0.025737,0.045491,0.999014,0.573618
udp_burst,dc_100m,TcpCubic,3,57.507472,1.832862,4.438943,0.795290,0.020909,0.007682,0.017362,0.999309,0.575075
udp_burst,dc_100m,TcpNewReno,3,55.576763,4.886319,4.047436,1.388575,0.023929,0.022156,0.032942,0.998269,0.555768
udp_burst,dc_100m,TcpSwift,3,61.372048,8.167356,4.217071,1.378599,0.025338,0.027243,0.033423,0.999025,0.613720
udp_burst,lte_poor,TcpBbr,3,5.492971,0.619191,112.371544,13.016654,0.028604,0.013079,1.257579,0.996966,0.549297
udp_burst,lte_poor,TcpCubic,3,5.589467,0.305524,115.813562,3.237208,0.031774,0.001716,0.685861,0.998255,0.558947
udp_burst,lte_poor,TcpNewReno,3,5.407920,0.448746,114.137009,11.151160,0.032855,0.002779,1.141518,0.993994,0.540792
udp_burst,lte_poor,TcpSwift,3,5.870272,0.480100,112.593378,4.626731,0.030267,0.002491,1.044802,0.998747,0.587027
udp_burst,satellite_geo,TcpBbr,3,5.301557,0.116414,359.277032,24.179577,0.029755,0.015804,2.966038,0.990242,0.530156
udp_burst,satellite_geo,TcpCubic,3,5.464949,0.242649,368.288830,9.850931,0.032494,0.001428,3.895932,0.997076,0.546495
udp_burst,satellite_geo,TcpNewReno,3,5.167371,0.304868,373.734478,13.867823,0.034370,0.002000,2.657819,0.997101,0.516737
udp_burst,satellite_geo,TcpSwift,3,5.905989,0.418376,360.718396,18.612885,0.030079,0.002159,3.491545,0.997845,0.590599
udp_burst,wan_longhaul,TcpBbr,3,572.337312,34.773055,26.422500,0.268248,0.028664,0.019891,0.253863,0.995109,0.572337
udp_burst,wan_longhaul,TcpCubic,3,566.276811,42.750760,26.352242,0.356949,0.028334,0.015347,0.296583,0.995925,0.566277
udp_burst,wan_longhaul,TcpNewReno,3,547.412336,43.193560,27.262648,0.816018,0.025215,0.011941,0.132633,0.998409,0.547412
udp_burst,wan_longhaul,TcpSwift,3,604.921781,9.548801,26.493432,0.532268,0.027784,0.019808,0.214471,0.998346,0.604922
udp_burst,wan_metro,TcpBbr,3,564.011819,33.522250,2.567434,0.174042,0.025703,0.008971,0.026407,0.997668,0.564012
udp_burst,wan_metro,TcpCubic,3,569.193003,44.030859,2.602269,0.055398,0.025429,0.007842,0.012810,0.997661,0.569193
udp_burst,wan_metro,TcpNewReno,3,553.971499,16.348053,2.682991,0.167098,0.024535,0.008933,0.019927,0.996266,0.553971
udp_burst,wan_metro,TcpSwift,3,601.074768,17.983302,2.596011,0.071143,0.024110,0.007810,0.020018,0.998275,0.601075
udp_burst,wifi_n,TcpBbr,3,27.772496,0.803471,22.439921,1.467503,0.029119,0.007958,0.203318,0.997921,0.555450
udp_burst,wifi_n,TcpCubic,3,28.235440,0.184563,22.840785,0.162924,0.023741,0.020854,0.288577,0.996843,0.564709
udp_burst,wifi_n,TcpNewReno,3,26.984741,0.352000,22.373963,0.855997,0.022649,0.011073,0.137499,0.994720,0.539695
udp_burst,wifi_n,TcpSwift,3,30.597717,0.816730,22.395486,1.052055,0.021939,0.006060,0.223676,0.999210,0.611954
