Setting,Scenario,Protocol,Seed,Goodput_Mbps,Util,Delay_ms,Jitter_ms,Loss_pct,Jain,Source
tcp_only,congested_heavy,TcpBbr,42,244.027614,0.488055,0.161632,0.008555,0.000000,0.689644,comparison/congested_heavy_TcpBbr_s42.flowmonitor
tcp_only,congested_heavy,TcpBbr,43,242.436428,0.484873,0.157596,0.009266,0.000000,0.688188,comparison/congested_heavy_TcpBbr_s43.flowmonitor
tcp_only,congested_heavy,TcpBbr,44,242.025239,0.484050,0.150662,0.008464,0.000000,0.682344,comparison/congested_heavy_TcpBbr_s44.flowmonitor
tcp_only,congested_heavy,TcpCubic,42,499.330165,0.998660,6.675781,0.071418,0.000000,0.999964,comparison/congested_heavy_TcpCubic_s42.flowmonitor
tcp_only,congested_heavy,TcpCubic,43,499.330165,0.998660,6.675781,0.071418,0.000000,0.999964,comparison/congested_heavy_TcpCubic_s43.flowmonitor
tcp_only,congested_heavy,TcpCubic,44,499.330165,0.998660,6.675781,0.071418,0.000000,0.999964,comparison/congested_heavy_TcpCubic_s44.flowmonitor
tcp_only,congested_heavy,TcpNewReno,42,499.330165,0.998660,6.891442,0.071996,0.000000,0.999966,comparison/congested_heavy_TcpNewReno_s42.flowmonitor
tcp_only,congested_heavy,TcpNewReno,43,499.330165,0.998660,6.891442,0.071996,0.000000,0.999966,comparison/congested_heavy_TcpNewReno_s43.flowmonitor
tcp_only,congested_heavy,TcpNewReno,44,499.330165,0.998660,6.891442,0.071996,0.000000,0.999966,comparison/congested_heavy_TcpNewReno_s44.flowmonitor
tcp_only,congested_heavy,TcpSwift,42,499.330165,0.998660,0.263583,0.023906,0.000000,0.999973,comparison/congested_heavy_TcpSwift_s42.flowmonitor
tcp_only,congested_heavy,TcpSwift,43,499.330165,0.998660,0.263583,0.023906,0.000000,0.999973,comparison/congested_heavy_TcpSwift_s43.flowmonitor
tcp_only,congested_heavy,TcpSwift,44,499.330165,0.998660,0.263583,0.023906,0.000000,0.999973,comparison/congested_heavy_TcpSwift_s44.flowmonitor
tcp_only,dc_100m,TcpBbr,42,49.144868,0.491449,1.372327,0.056258,0.000000,0.999957,comparison/dc_100m_TcpBbr_s42.flowmonitor
tcp_only,dc_100m,TcpBbr,43,48.922812,0.489228,0.904954,0.050295,0.000000,0.698417,comparison/dc_100m_TcpBbr_s43.flowmonitor
tcp_only,dc_100m,TcpBbr,44,49.138465,0.491385,1.376643,0.053566,0.000000,0.999992,comparison/dc_100m_TcpBbr_s44.flowmonitor
tcp_only,dc_100m,TcpCubic,42,99.865794,0.998658,15.737008,0.355948,0.000000,0.999949,comparison/dc_100m_TcpCubic_s42.flowmonitor
tcp_only,dc_100m,TcpCubic,43,99.865794,0.998658,15.737008,0.355948,0.000000,0.999949,comparison/dc_100m_TcpCubic_s43.flowmonitor
tcp_only,dc_100m,TcpCubic,44,99.865794,0.998658,15.737008,0.355948,0.000000,0.999949,comparison/dc_100m_TcpCubic_s44.flowmonitor
tcp_only,dc_100m,TcpNewReno,42,99.865794,0.998658,15.625946,0.279480,0.000000,0.999908,comparison/dc_100m_TcpNewReno_s42.flowmonitor
tcp_only,dc_100m,TcpNewReno,43,99.865794,0.998658,15.625946,0.279480,0.000000,0.999908,comparison/dc_100m_TcpNewReno_s43.flowmonitor
tcp_only,dc_100m,TcpNewReno,44,99.865794,0.998658,15.625946,0.279480,0.000000,0.999908,comparison/dc_100m_TcpNewReno_s44.flowmonitor
tcp_only,dc_100m,TcpSwift,42,99.865794,0.998658,1.353579,0.119559,0.000000,0.999974,comparison/dc_100m_TcpSwift_s42.flowmonitor
tcp_only,dc_100m,TcpSwift,43,99.865794,0.998658,1.353579,0.119559,0.000000,0.999974,comparison/dc_100m_TcpSwift_s43.flowmonitor
tcp_only,dc_100m,TcpSwift,44,99.865794,0.998658,1.353579,0.119559,0.000000,0.999974,comparison/dc_100m_TcpSwift_s44.flowmonitor
tcp_only,lte_poor,TcpBbr,42,9.582072,0.958207,214.894172,0.642538,0.000000,0.999778,comparison/lte_poor_TcpBbr_s42.flowmonitor
tcp_only,lte_poor,TcpBbr,43,9.592257,0.959226,252.719916,0.733973,0.000000,0.999926,comparison/lte_poor_TcpBbr_s43.flowmonitor
tcp_only,lte_poor,TcpBbr,44,9.584868,0.958487,229.187374,0.674445,0.000000,0.999821,comparison/lte_poor_TcpBbr_s44.flowmonitor
tcp_only,lte_poor,TcpCubic,42,9.772437,0.977244,191.035730,1.705015,0.000000,0.969402,comparison/lte_poor_TcpCubic_s42.flowmonitor
tcp_only,lte_poor,TcpCubic,43,9.772437,0.977244,191.035730,1.705015,0.000000,0.969402,comparison/lte_poor_TcpCubic_s43.flowmonitor
tcp_only,lte_poor,TcpCubic,44,9.772437,0.977244,191.035730,1.705015,0.000000,0.969402,comparison/lte_poor_TcpCubic_s44.flowmonitor
tcp_only,lte_poor,TcpNewReno,42,9.729147,0.972915,173.026805,1.454171,0.000000,0.982628,comparison/lte_poor_TcpNewReno_s42.flowmonitor
tcp_only,lte_poor,TcpNewReno,43,9.729147,0.972915,173.026805,1.454171,0.000000,0.982628,comparison/lte_poor_TcpNewReno_s43.flowmonitor
tcp_only,lte_poor,TcpNewReno,44,9.729147,0.972915,173.026805,1.454171,0.000000,0.982628,comparison/lte_poor_TcpNewReno_s44.flowmonitor
tcp_only,lte_poor,TcpSwift,42,9.798388,0.979839,157.207052,1.498690,0.000000,0.922700,comparison/lte_poor_TcpSwift_s42.flowmonitor
tcp_only,lte_poor,TcpSwift,43,9.798388,0.979839,157.207052,1.498690,0.000000,0.922700,comparison/lte_poor_TcpSwift_s43.flowmonitor
tcp_only,lte_poor,TcpSwift,44,9.798388,0.979839,157.207052,1.498690,0.000000,0.922700,comparison/lte_poor_TcpSwift_s44.flowmonitor
tcp_only,satellite_geo,TcpBbr,42,7.752603,0.775260,872.665976,1.462211,0.000000,0.999810,comparison/satellite_geo_TcpBbr_s42.flowmonitor
tcp_only,satellite_geo,TcpBbr,43,7.752603,0.775260,874.398754,1.479056,0.000000,0.999809,comparison/satellite_geo_TcpBbr_s43.flowmonitor
tcp_only,satellite_geo,TcpBbr,44,7.752603,0.775260,879.200073,1.514292,0.000000,0.999812,comparison/satellite_geo_TcpBbr_s44.flowmonitor
tcp_only,satellite_geo,TcpCubic,42,8.432215,0.843222,429.405623,1.887435,0.000000,0.912603,comparison/satellite_geo_TcpCubic_s42.flowmonitor
tcp_only,satellite_geo,TcpCubic,43,8.432215,0.843222,429.405623,1.887435,0.000000,0.912603,comparison/satellite_geo_TcpCubic_s43.flowmonitor
tcp_only,satellite_geo,TcpCubic,44,8.432215,0.843222,429.405623,1.887435,0.000000,0.912603,comparison/satellite_geo_TcpCubic_s44.flowmonitor
tcp_only,satellite_geo,TcpNewReno,42,7.497922,0.749792,352.007934,1.531657,0.000000,0.958732,comparison/satellite_geo_TcpNewReno_s42.flowmonitor
tcp_only,satellite_geo,TcpNewReno,43,7.497922,0.749792,352.007934,1.531657,0.000000,0.958732,comparison/satellite_geo_TcpNewReno_s43.flowmonitor
tcp_only,satellite_geo,TcpNewReno,44,7.497922,0.749792,352.007934,1.531657,0.000000,0.958732,comparison/satellite_geo_TcpNewReno_s44.flowmonitor
tcp_only,satellite_geo,TcpSwift,42,8.696393,0.869639,546.917918,3.167855,0.000000,0.995566,comparison/satellite_geo_TcpSwift_s42.flowmonitor
tcp_only,satellite_geo,TcpSwift,43,8.696393,0.869639,546.917918,3.167855,0.000000,0.995566,comparison/satellite_geo_TcpSwift_s43.flowmonitor
tcp_only,satellite_geo,TcpSwift,44,8.696393,0.869639,546.917918,3.167855,0.000000,0.995566,comparison/satellite_geo_TcpSwift_s44.flowmonitor
tcp_only,wan_longhaul,TcpBbr,42,967.243155,0.967243,57.577937,0.004084,0.514996,0.997480,comparison/wan_longhaul_TcpBbr_s42.flowmonitor
tcp_only,wan_longhaul,TcpBbr,43,956.074483,0.956074,65.609365,0.004720,0.514615,0.998215,comparison/wan_longhaul_TcpBbr_s43.flowmonitor
tcp_only,wan_longhaul,TcpBbr,44,960.875716,0.960876,65.186160,0.004248,0.518391,0.997757,comparison/wan_longhaul_TcpBbr_s44.flowmonitor
tcp_only,wan_longhaul,TcpCubic,42,968.008599,0.968009,30.682391,0.025032,0.000000,0.999336,comparison/wan_longhaul_TcpCubic_s42.flowmonitor
tcp_only,wan_longhaul,TcpCubic,43,968.008599,0.968009,30.682391,0.025032,0.000000,0.999336,comparison/wan_longhaul_TcpCubic_s43.flowmonitor
tcp_only,wan_longhaul,TcpCubic,44,968.008599,0.968009,30.682391,0.025032,0.000000,0.999336,comparison/wan_longhaul_TcpCubic_s44.flowmonitor
tcp_only,wan_longhaul,TcpNewReno,42,811.316731,0.811317,27.285774,0.012858,0.000000,0.946461,comparison/wan_longhaul_TcpNewReno_s42.flowmonitor
tcp_only,wan_longhaul,TcpNewReno,43,811.316731,0.811317,27.285774,0.012858,0.000000,0.946461,comparison/wan_longhaul_TcpNewReno_s43.flowmonitor
tcp_only,wan_longhaul,TcpNewReno,44,811.316731,0.811317,27.285774,0.012858,0.000000,0.946461,comparison/wan_longhaul_TcpNewReno_s44.flowmonitor
tcp_only,wan_longhaul,TcpSwift,42,963.636750,0.963637,39.209944,0.036232,0.000000,0.999952,comparison/wan_longhaul_TcpSwift_s42.flowmonitor
tcp_only,wan_longhaul,TcpSwift,43,963.636750,0.963637,39.209944,0.036232,0.000000,0.999952,comparison/wan_longhaul_TcpSwift_s43.flowmonitor
tcp_only,wan_longhaul,TcpSwift,44,963.636750,0.963637,39.209944,0.036232,0.000000,0.999952,comparison/wan_longhaul_TcpSwift_s44.flowmonitor
tcp_only,wan_metro,TcpBbr,42,955.346969,0.955347,5.254038,0.002444,0.000000,0.658346,comparison/wan_metro_TcpBbr_s42.flowmonitor
tcp_only,wan_metro,TcpBbr,43,957.824131,0.957824,5.439866,0.002397,0.000000,0.888791,comparison/wan_metro_TcpBbr_s43.flowmonitor
tcp_only,wan_metro,TcpBbr,44,960.042127,0.960042,5.227798,0.002385,0.000000,0.660500,comparison/wan_metro_TcpBbr_s44.flowmonitor
tcp_only,wan_metro,TcpCubic,42,997.159671,0.997160,7.173687,0.035726,0.000000,0.999970,comparison/wan_metro_TcpCubic_s42.flowmonitor
tcp_only,wan_metro,TcpCubic,43,997.159671,0.997160,7.173687,0.035726,0.000000,0.999970,comparison/wan_metro_TcpCubic_s43.flowmonitor
tcp_only,wan_metro,TcpCubic,44,997.159671,0.997160,7.173687,0.035726,0.000000,0.999970,comparison/wan_metro_TcpCubic_s44.flowmonitor
tcp_only,wan_metro,TcpNewReno,42,996.592679,0.996593,6.952710,0.035002,0.000000,0.999969,comparison/wan_metro_TcpNewReno_s42.flowmonitor
tcp_only,wan_metro,TcpNewReno,43,996.592679,0.996593,6.952710,0.035002,0.000000,0.999969,comparison/wan_metro_TcpNewReno_s43.flowmonitor
tcp_only,wan_metro,TcpNewReno,44,996.592679,0.996593,6.952710,0.035002,0.000000,0.999969,comparison/wan_metro_TcpNewReno_s44.flowmonitor
tcp_only,wan_metro,TcpSwift,42,995.979001,0.995979,4.033440,0.025161,0.000000,0.888717,comparison/wan_metro_TcpSwift_s42.flowmonitor
tcp_only,wan_metro,TcpSwift,43,995.979001,0.995979,4.033440,0.025161,0.000000,0.888717,comparison/wan_metro_TcpSwift_s43.flowmonitor
tcp_only,wan_metro,TcpSwift,44,995.979001,0.995979,4.033440,0.025161,0.000000,0.888717,comparison/wan_metro_TcpSwift_s44.flowmonitor
tcp_only,wifi_n,TcpBbr,42,48.948989,0.978980,52.022217,0.079725,0.000000,0.999954,comparison/wifi_n_TcpBbr_s42.flowmonitor
tcp_only,wifi_n,TcpBbr,43,49.014120,0.980282,53.163245,0.083784,0.000000,0.999914,comparison/wifi_n_TcpBbr_s43.flowmonitor
tcp_only,wifi_n,TcpBbr,44,49.036520,0.980730,52.482358,0.081809,0.000000,0.999899,comparison/wifi_n_TcpBbr_s44.flowmonitor
tcp_only,wifi_n,TcpCubic,42,49.644457,0.992889,40.111137,0.404488,0.000000,0.999398,comparison/wifi_n_TcpCubic_s42.flowmonitor
tcp_only,wifi_n,TcpCubic,43,49.644457,0.992889,40.111137,0.404488,0.000000,0.999398,comparison/wifi_n_TcpCubic_s43.flowmonitor
tcp_only,wifi_n,TcpCubic,44,49.644457,0.992889,40.111137,0.404488,0.000000,0.999398,comparison/wifi_n_TcpCubic_s44.flowmonitor
tcp_only,wifi_n,TcpNewReno,42,49.563747,0.991275,37.992404,0.338374,0.000000,0.997906,comparison/wifi_n_TcpNewReno_s42.flowmonitor
tcp_only,wifi_n,TcpNewReno,43,49.563747,0.991275,37.992404,0.338374,0.000000,0.997906,comparison/wifi_n_TcpNewReno_s43.flowmonitor
tcp_only,wifi_n,TcpNewReno,44,49.563747,0.991275,37.992404,0.338374,0.000000,0.997906,comparison/wifi_n_TcpNewReno_s44.flowmonitor
tcp_only,wifi_n,TcpSwift,42,49.663782,0.993276,35.467186,0.274594,0.000000,0.602309,comparison/wifi_n_TcpSwift_s42.flowmonitor
tcp_only,wifi_n,TcpSwift,43,49.663782,0.993276,35.467186,0.274594,0.000000,0.602309,comparison/wifi_n_TcpSwift_s43.flowmonitor
tcp_only,wifi_n,TcpSwift,44,49.663782,0.993276,35.467186,0.274594,0.000000,0.602309,comparison/wifi_n_TcpSwift_s44.flowmonitor
udp_burst,congested_heavy,TcpBbr,42,26.620399,0.053241,0.207312,0.008362,0.000000,0.872156,comparison-udp/congested_heavy_TcpBbr_s42.flowmonitor
udp_burst,congested_heavy,TcpBbr,43,26.492339,0.052985,0.201269,0.009031,0.000000,0.863497,comparison-udp/congested_heavy_TcpBbr_s43.flowmonitor
udp_burst,congested_heavy,TcpBbr,44,26.557163,0.053114,0.187517,0.007875,0.000000,0.807598,comparison-udp/congested_heavy_TcpBbr_s44.flowmonitor
udp_burst,congested_heavy,TcpCubic,42,383.531159,0.767062,6.500851,0.093000,0.000000,0.999920,comparison-udp/congested_heavy_TcpCubic_s42.flowmonitor
udp_burst,congested_heavy,TcpCubic,43,383.531159,0.767062,6.500851,0.093000,0.000000,0.999920,comparison-udp/congested_heavy_TcpCubic_s43.flowmonitor
udp_burst,congested_heavy,TcpCubic,44,383.531159,0.767062,6.500851,0.093000,0.000000,0.999920,comparison-udp/congested_heavy_TcpCubic_s44.flowmonitor
udp_burst,congested_heavy,TcpNewReno,42,383.531159,0.767062,7.075730,0.093896,0.000000,0.999924,comparison-udp/congested_heavy_TcpNewReno_s42.flowmonitor
udp_burst,congested_heavy,TcpNewReno,43,383.531159,0.767062,7.075730,0.093896,0.000000,0.999924,comparison-udp/congested_heavy_TcpNewReno_s43.flowmonitor
udp_burst,congested_heavy,TcpNewReno,44,383.531159,0.767062,7.075730,0.093896,0.000000,0.999924,comparison-udp/congested_heavy_TcpNewReno_s44.flowmonitor
udp_burst,congested_heavy,TcpSwift,42,347.776247,0.695552,0.387846,0.024302,0.000000,0.999918,comparison-udp/congested_heavy_TcpSwift_s42.flowmonitor
udp_burst,congested_heavy,TcpSwift,43,347.776247,0.695552,0.387846,0.024302,0.000000,0.999918,comparison-udp/congested_heavy_TcpSwift_s43.flowmonitor
udp_burst,congested_heavy,TcpSwift,44,347.776247,0.695552,0.387846,0.024302,0.000000,0.999918,comparison-udp/congested_heavy_TcpSwift_s44.flowmonitor
udp_burst,dc_100m,TcpBbr,42,6.095379,0.060954,1.530253,0.048806,0.000000,0.983962,comparison-udp/dc_100m_TcpBbr_s42.flowmonitor
udp_burst,dc_100m,TcpBbr,43,6.015709,0.060157,1.101883,0.045786,0.000000,0.914742,comparison-udp/dc_100m_TcpBbr_s43.flowmonitor
udp_burst,dc_100m,TcpBbr,44,6.139158,0.061392,1.530589,0.051651,0.000000,0.982327,comparison-udp/dc_100m_TcpBbr_s44.flowmonitor
udp_burst,dc_100m,TcpCubic,42,75.973332,0.759733,15.022031,0.469984,0.000000,0.999889,comparison-udp/dc_100m_TcpCubic_s42.flowmonitor
udp_burst,dc_100m,TcpCubic,43,75.973332,0.759733,15.022031,0.469984,0.000000,0.999889,comparison-udp/dc_100m_TcpCubic_s43.flowmonitor
udp_burst,dc_100m,TcpCubic,44,75.973332,0.759733,15.022031,0.469984,0.000000,0.999889,comparison-udp/dc_100m_TcpCubic_s44.flowmonitor
udp_burst,dc_100m,TcpNewReno,42,74.911385,0.749114,14.874879,0.379470,0.000000,0.999884,comparison-udp/dc_100m_TcpNewReno_s42.flowmonitor
udp_burst,dc_100m,TcpNewReno,43,74.911385,0.749114,14.874879,0.379470,0.000000,0.999884,comparison-udp/dc_100m_TcpNewReno_s43.flowmonitor
udp_burst,dc_100m,TcpNewReno,44,74.911385,0.749114,14.874879,0.379470,0.000000,0.999884,comparison-udp/dc_100m_TcpNewReno_s44.flowmonitor
udp_burst,dc_100m,TcpSwift,42,69.792189,0.697922,1.967149,0.124128,0.000000,0.999921,comparison-udp/dc_100m_TcpSwift_s42.flowmonitor
udp_burst,dc_100m,TcpSwift,43,69.792189,0.697922,1.967149,0.124128,0.000000,0.999921,comparison-udp/dc_100m_TcpSwift_s43.flowmonitor
udp_burst,dc_100m,TcpSwift,44,69.792189,0.697922,1.967149,0.124128,0.000000,0.999921,comparison-udp/dc_100m_TcpSwift_s44.flowmonitor
udp_burst,lte_poor,TcpBbr,42,7.420443,0.742044,282.531478,1.276131,0.000000,0.999905,comparison-udp/lte_poor_TcpBbr_s42.flowmonitor
udp_burst,lte_poor,TcpBbr,43,7.456926,0.745693,298.637159,1.339550,0.000000,0.999837,comparison-udp/lte_poor_TcpBbr_s43.flowmonitor
udp_burst,lte_poor,TcpBbr,44,7.429572,0.742957,286.555520,1.273505,0.000000,0.999908,comparison-udp/lte_poor_TcpBbr_s44.flowmonitor
udp_burst,lte_poor,TcpCubic,42,7.188472,0.718847,202.490436,2.698600,0.000000,0.999727,comparison-udp/lte_poor_TcpCubic_s42.flowmonitor
udp_burst,lte_poor,TcpCubic,43,7.188472,0.718847,202.490436,2.698600,0.000000,0.999727,comparison-udp/lte_poor_TcpCubic_s43.flowmonitor
udp_burst,lte_poor,TcpCubic,44,7.188472,0.718847,202.490436,2.698600,0.000000,0.999727,comparison-udp/lte_poor_TcpCubic_s44.flowmonitor
udp_burst,lte_poor,TcpNewReno,42,6.964595,0.696459,153.810559,2.215906,0.000000,0.999568,comparison-udp/lte_poor_TcpNewReno_s42.flowmonitor
udp_burst,lte_poor,TcpNewReno,43,6.964595,0.696459,153.810559,2.215906,0.000000,0.999568,comparison-udp/lte_poor_TcpNewReno_s43.flowmonitor
udp_burst,lte_poor,TcpNewReno,44,6.964595,0.696459,153.810559,2.215906,0.000000,0.999568,comparison-udp/lte_poor_TcpNewReno_s44.flowmonitor
udp_burst,lte_poor,TcpSwift,42,6.985692,0.698569,162.844981,2.987157,0.000000,0.995253,comparison-udp/lte_poor_TcpSwift_s42.flowmonitor
udp_burst,lte_poor,TcpSwift,43,6.985692,0.698569,162.844981,2.987157,0.000000,0.995253,comparison-udp/lte_poor_TcpSwift_s43.flowmonitor
udp_burst,lte_poor,TcpSwift,44,6.985692,0.698569,162.844981,2.987157,0.000000,0.995253,comparison-udp/lte_poor_TcpSwift_s44.flowmonitor
udp_burst,satellite_geo,TcpBbr,42,6.066511,0.606651,836.286934,1.861978,0.000000,0.999779,comparison-udp/satellite_geo_TcpBbr_s42.flowmonitor
udp_burst,satellite_geo,TcpBbr,43,6.070037,0.607004,851.190758,1.889107,0.000000,0.999867,comparison-udp/satellite_geo_TcpBbr_s43.flowmonitor
udp_burst,satellite_geo,TcpBbr,44,6.072397,0.607240,846.199022,1.862237,0.000000,0.999867,comparison-udp/satellite_geo_TcpBbr_s44.flowmonitor
udp_burst,satellite_geo,TcpCubic,42,5.267928,0.526793,423.057819,2.732710,0.000000,0.982371,comparison-udp/satellite_geo_TcpCubic_s42.flowmonitor
udp_burst,satellite_geo,TcpCubic,43,5.267928,0.526793,423.057819,2.732710,0.000000,0.982371,comparison-udp/satellite_geo_TcpCubic_s43.flowmonitor
udp_burst,satellite_geo,TcpCubic,44,5.267928,0.526793,423.057819,2.732710,0.000000,0.982371,comparison-udp/satellite_geo_TcpCubic_s44.flowmonitor
udp_burst,satellite_geo,TcpNewReno,42,4.585384,0.458538,379.165820,2.471492,0.000000,0.950185,comparison-udp/satellite_geo_TcpNewReno_s42.flowmonitor
udp_burst,satellite_geo,TcpNewReno,43,4.585384,0.458538,379.165820,2.471492,0.000000,0.950185,comparison-udp/satellite_geo_TcpNewReno_s43.flowmonitor
udp_burst,satellite_geo,TcpNewReno,44,4.585384,0.458538,379.165820,2.471492,0.000000,0.950185,comparison-udp/satellite_geo_TcpNewReno_s44.flowmonitor
udp_burst,satellite_geo,TcpSwift,42,6.591100,0.659110,633.998302,3.964835,0.000000,0.981554,comparison-udp/satellite_geo_TcpSwift_s42.flowmonitor
udp_burst,satellite_geo,TcpSwift,43,6.591100,0.659110,633.998302,3.964835,0.000000,0.981554,comparison-udp/satellite_geo_TcpSwift_s43.flowmonitor
udp_burst,satellite_geo,TcpSwift,44,6.591100,0.659110,633.998302,3.964835,0.000000,0.981554,comparison-udp/satellite_geo_TcpSwift_s44.flowmonitor
udp_burst,wan_longhaul,TcpBbr,42,741.855298,0.741855,81.976208,0.012031,2.177145,0.998850,comparison-udp/wan_longhaul_TcpBbr_s42.flowmonitor
udp_burst,wan_longhaul,TcpBbr,43,691.441281,0.691441,65.572073,0.011548,2.863792,0.974437,comparison-udp/wan_longhaul_TcpBbr_s43.flowmonitor
udp_burst,wan_longhaul,TcpBbr,44,777.526678,0.777527,89.025686,0.010774,1.296376,0.999070,comparison-udp/wan_longhaul_TcpBbr_s44.flowmonitor
udp_burst,wan_longhaul,TcpCubic,42,721.104583,0.721105,31.009637,0.025355,0.077244,0.999704,comparison-udp/wan_longhaul_TcpCubic_s42.flowmonitor
udp_burst,wan_longhaul,TcpCubic,43,721.104583,0.721105,31.009637,0.025355,0.077244,0.999704,comparison-udp/wan_longhaul_TcpCubic_s43.flowmonitor
udp_burst,wan_longhaul,TcpCubic,44,721.104583,0.721105,31.009637,0.025355,0.077244,0.999704,comparison-udp/wan_longhaul_TcpCubic_s44.flowmonitor
udp_burst,wan_longhaul,TcpNewReno,42,598.493822,0.598494,28.805383,0.015609,0.184088,0.985684,comparison-udp/wan_longhaul_TcpNewReno_s42.flowmonitor
udp_burst,wan_longhaul,TcpNewReno,43,598.493822,0.598494,28.805383,0.015609,0.184088,0.985684,comparison-udp/wan_longhaul_TcpNewReno_s43.flowmonitor
udp_burst,wan_longhaul,TcpNewReno,44,598.493822,0.598494,28.805383,0.015609,0.184088,0.985684,comparison-udp/wan_longhaul_TcpNewReno_s44.flowmonitor
udp_burst,wan_longhaul,TcpSwift,42,736.101356,0.736101,39.790280,0.046943,0.000000,1.000000,comparison-udp/wan_longhaul_TcpSwift_s42.flowmonitor
udp_burst,wan_longhaul,TcpSwift,43,736.101356,0.736101,39.790280,0.046943,0.000000,1.000000,comparison-udp/wan_longhaul_TcpSwift_s43.flowmonitor
udp_burst,wan_longhaul,TcpSwift,44,736.101356,0.736101,39.790280,0.046943,0.000000,1.000000,comparison-udp/wan_longhaul_TcpSwift_s44.flowmonitor
udp_burst,wan_metro,TcpBbr,42,697.061402,0.697061,5.418887,0.006199,0.000000,0.708259,comparison-udp/wan_metro_TcpBbr_s42.flowmonitor
udp_burst,wan_metro,TcpBbr,43,754.298727,0.754299,5.701256,0.006309,0.000000,0.895297,comparison-udp/wan_metro_TcpBbr_s43.flowmonitor
udp_burst,wan_metro,TcpBbr,44,694.759499,0.694759,5.379602,0.006130,0.000000,0.707236,comparison-udp/wan_metro_TcpBbr_s44.flowmonitor
udp_burst,wan_metro,TcpCubic,42,800.250597,0.800251,6.683149,0.044522,0.000000,0.999940,comparison-udp/wan_metro_TcpCubic_s42.flowmonitor
udp_burst,wan_metro,TcpCubic,43,800.250597,0.800251,6.683149,0.044522,0.000000,0.999940,comparison-udp/wan_metro_TcpCubic_s43.flowmonitor
udp_burst,wan_metro,TcpCubic,44,800.250597,0.800251,6.683149,0.044522,0.000000,0.999940,comparison-udp/wan_metro_TcpCubic_s44.flowmonitor
udp_burst,wan_metro,TcpNewReno,42,798.847799,0.798848,6.873795,0.043985,0.000000,0.999954,comparison-udp/wan_metro_TcpNewReno_s42.flowmonitor
udp_burst,wan_metro,TcpNewReno,43,798.847799,0.798848,6.873795,0.043985,0.000000,0.999954,comparison-udp/wan_metro_TcpNewReno_s43.flowmonitor
udp_burst,wan_metro,TcpNewReno,44,798.847799,0.798848,6.873795,0.043985,0.000000,0.999954,comparison-udp/wan_metro_TcpNewReno_s44.flowmonitor
udp_burst,wan_metro,TcpSwift,42,775.769351,0.775769,3.433815,0.026934,0.000000,0.947968,comparison-udp/wan_metro_TcpSwift_s42.flowmonitor
udp_burst,wan_metro,TcpSwift,43,775.769351,0.775769,3.433815,0.026934,0.000000,0.947968,comparison-udp/wan_metro_TcpSwift_s43.flowmonitor
udp_burst,wan_metro,TcpSwift,44,775.769351,0.775769,3.433815,0.026934,0.000000,0.947968,comparison-udp/wan_metro_TcpSwift_s44.flowmonitor
udp_burst,wifi_n,TcpBbr,42,38.064209,0.761284,74.402830,0.167131,0.000000,0.999818,comparison-udp/wifi_n_TcpBbr_s42.flowmonitor
udp_burst,wifi_n,TcpBbr,43,37.900514,0.758010,78.991580,0.169888,0.000000,0.999913,comparison-udp/wifi_n_TcpBbr_s43.flowmonitor
udp_burst,wifi_n,TcpBbr,44,38.031811,0.760636,74.686402,0.166582,0.000000,0.999777,comparison-udp/wifi_n_TcpBbr_s44.flowmonitor
udp_burst,wifi_n,TcpCubic,42,37.498667,0.749973,38.143780,0.454797,0.000000,0.999796,comparison-udp/wifi_n_TcpCubic_s42.flowmonitor
udp_burst,wifi_n,TcpCubic,43,37.498667,0.749973,38.143780,0.454797,0.000000,0.999796,comparison-udp/wifi_n_TcpCubic_s43.flowmonitor
udp_burst,wifi_n,TcpCubic,44,37.498667,0.749973,38.143780,0.454797,0.000000,0.999796,comparison-udp/wifi_n_TcpCubic_s44.flowmonitor
udp_burst,wifi_n,TcpNewReno,42,35.817786,0.716356,37.719804,0.423394,0.000000,0.999610,comparison-udp/wifi_n_TcpNewReno_s42.flowmonitor
udp_burst,wifi_n,TcpNewReno,43,35.817786,0.716356,37.719804,0.423394,0.000000,0.999610,comparison-udp/wifi_n_TcpNewReno_s43.flowmonitor
udp_burst,wifi_n,TcpNewReno,44,35.817786,0.716356,37.719804,0.423394,0.000000,0.999610,comparison-udp/wifi_n_TcpNewReno_s44.flowmonitor
udp_burst,wifi_n,TcpSwift,42,34.150319,0.683006,31.820864,0.432758,0.000000,0.969386,comparison-udp/wifi_n_TcpSwift_s42.flowmonitor
udp_burst,wifi_n,TcpSwift,43,34.150319,0.683006,31.820864,0.432758,0.000000,0.969386,comparison-udp/wifi_n_TcpSwift_s43.flowmonitor
udp_burst,wifi_n,TcpSwift,44,34.150319,0.683006,31.820864,0.432758,0.000000,0.969386,comparison-udp/wifi_n_TcpSwift_s44.flowmonitor
