Setting,Scenario,Protocol,Runs,Goodput_Mbps_Mean,Goodput_Mbps_CI95,Delay_ms_Mean,Delay_ms_CI95,Loss_pct_Mean,Loss_pct_CI95,Jitter_ms_Mean,Jain_Mean,Util_Mean
tcp_only,congested_heavy,TcpBbr,3,242.829760,2.627308,0.156630,0.013785,0.000000,0.000000,0.008761,0.686726,0.485660
tcp_only,congested_heavy,TcpCubic,3,499.330165,0.000000,6.675781,0.000000,0.000000,0.000000,0.071418,0.999964,0.998660
tcp_only,congested_heavy,TcpNewReno,3,499.330165,0.000000,6.891442,0.000000,0.000000,0.000000,0.071996,0.999966,0.998660
tcp_only,congested_heavy,TcpSwift,3,499.330165,0.000000,0.263583,0.000000,0.000000,0.000000,0.023906,0.999973,0.998660
tcp_only,dc_100m,TcpBbr,3,49.068715,0.314011,1.217975,0.673486,0.000000,0.000000,0.053373,0.899455,0.490687
tcp_only,dc_100m,TcpCubic,3,99.865794,0.000000,15.737008,0.000000,0.000000,0.000000,0.355948,0.999949,0.998658
tcp_only,dc_100m,TcpNewReno,3,99.865794,0.000000,15.625946,0.000000,0.000000,0.000000,0.279480,0.999908,0.998658
tcp_only,dc_100m,TcpSwift,3,99.865794,0.000000,1.353579,0.000000,0.000000,0.000000,0.119559,0.999974,0.998658
tcp_only,lte_poor,TcpBbr,3,9.586399,0.013074,232.267154,47.450893,0.000000,0.000000,0.683652,0.999842,0.958640
tcp_only,lte_poor,TcpCubic,3,9.772437,0.000000,191.035730,0.000000,0.000000,0.000000,1.705015,0.969402,0.977244
tcp_only,lte_poor,TcpNewReno,3,9.729147,0.000000,173.026805,0.000000,0.000000,0.000000,1.454171,0.982628,0.972915
tcp_only,lte_poor,TcpSwift,3,9.798388,0.000000,157.207052,0.000000,0.000000,0.000000,1.498690,0.922700,0.979839
tcp_only,satellite_geo,TcpBbr,3,7.752603,0.000000,875.421601,8.409501,0.000000,0.000000,1.485187,0.999810,0.775260
tcp_only,satellite_geo,TcpCubic,3,8.432215,0.000000,429.405623,0.000000,0.000000,0.000000,1.887435,0.912603,0.843222
tcp_only,satellite_geo,TcpNewReno,3,7.497922,0.000000,352.007934,0.000000,0.000000,0.000000,1.531657,0.958732,0.749792
tcp_only,satellite_geo,TcpSwift,3,8.696393,0.000000,546.917918,0.000000,0.000000,0.000000,3.167855,0.995566,0.869639
tcp_only,wan_longhaul,TcpBbr,3,961.397785,13.918775,62.791154,11.228548,0.516001,0.005164,0.004350,0.997817,0.961398
tcp_only,wan_longhaul,TcpCubic,3,968.008599,0.000000,30.682391,0.000000,0.000000,0.000000,0.025032,0.999336,0.968009
tcp_only,wan_longhaul,TcpNewReno,3,811.316731,0.000000,27.285774,0.000000,0.000000,0.000000,0.012858,0.946461,0.811317
tcp_only,wan_longhaul,TcpSwift,3,963.636750,0.000000,39.209944,0.000000,0.000000,0.000000,0.036232,0.999952,0.963637
tcp_only,wan_metro,TcpBbr,3,957.737742,5.835142,5.307234,0.287213,0.000000,0.000000,0.002409,0.735879,0.957738
tcp_only,wan_metro,TcpCubic,3,997.159671,0.000000,7.173687,0.000000,0.000000,0.000000,0.035726,0.999970,0.997160
tcp_only,wan_metro,TcpNewReno,3,996.592679,0.000000,6.952710,0.000000,0.000000,0.000000,0.035002,0.999969,0.996593
tcp_only,wan_metro,TcpSwift,3,995.979001,0.000000,4.033440,0.000000,0.000000,0.000000,0.025161,0.888717,0.995979
tcp_only,wifi_n,TcpBbr,3,48.999876,0.112965,52.555940,1.426164,0.000000,0.000000,0.081773,0.999922,0.979998
tcp_only,wifi_n,TcpCubic,3,49.644457,0.000000,40.111137,0.000000,0.000000,0.000000,0.404488,0.999398,0.992889
tcp_only,wifi_n,TcpNewReno,3,49.563747,0.000000,37.992404,0.000000,0.000000,0.000000,0.338374,0.997906,0.991275
tcp_only,wifi_n,TcpSwift,3,49.663782,0.000000,35.467186,0.000000,0.000000,0.000000,0.274594,0.602309,0.993276
udp_burst,congested_heavy,TcpBbr,3,26.556634,0.159077,0.198699,0.025203,0.000000,0.000000,0.008423,0.847751,0.053113
udp_burst,congested_heavy,TcpCubic,3,383.531159,0.000000,6.500851,0.000000,0.000000,0.000000,0.093000,0.999920,0.767062
udp_burst,congested_heavy,TcpNewReno,3,383.531159,0.000000,7.075730,0.000000,0.000000,0.000000,0.093896,0.999924,0.767062
udp_burst,congested_heavy,TcpSwift,3,347.776247,0.000000,0.387846,0.000000,0.000000,0.000000,0.024302,0.999918,0.695552
udp_burst,dc_100m,TcpBbr,3,6.083415,0.155490,1.387575,0.614667,0.000000,0.000000,0.048748,0.960344,0.060834
udp_burst,dc_100m,TcpCubic,3,75.973332,0.000000,15.022031,0.000000,0.000000,0.000000,0.469984,0.999889,0.759733
udp_burst,dc_100m,TcpNewReno,3,74.911385,0.000000,14.874879,0.000000,0.000000,0.000000,0.379470,0.999884,0.749114
udp_burst,dc_100m,TcpSwift,3,69.792189,0.000000,1.967149,0.000000,0.000000,0.000000,0.124128,0.999921,0.697922
udp_burst,lte_poor,TcpBbr,3,7.435647,0.047166,289.241386,20.823831,0.000000,0.000000,1.296395,0.999883,0.743565
udp_burst,lte_poor,TcpCubic,3,7.188472,0.000000,202.490436,0.000000,0.000000,0.000000,2.698600,0.999727,0.718847
udp_burst,lte_poor,TcpNewReno,3,6.964595,0.000000,153.810559,0.000000,0.000000,0.000000,2.215906,0.999568,0.696459
udp_burst,lte_poor,TcpSwift,3,6.985692,0.000000,162.844981,0.000000,0.000000,0.000000,2.987157,0.995253,0.698569
udp_burst,satellite_geo,TcpBbr,3,6.069649,0.007359,844.558905,18.846366,0.000000,0.000000,1.871107,0.999838,0.606965
udp_burst,satellite_geo,TcpCubic,3,5.267928,0.000000,423.057819,0.000000,0.000000,0.000000,2.732710,0.982371,0.526793
udp_burst,satellite_geo,TcpNewReno,3,4.585384,0.000000,379.165820,0.000000,0.000000,0.000000,2.471492,0.950185,0.458538
udp_burst,satellite_geo,TcpSwift,3,6.591100,0.000000,633.998302,0.000000,0.000000,0.000000,3.964835,0.981554,0.659110
udp_burst,wan_longhaul,TcpBbr,3,736.941086,107.454047,78.857989,29.895834,2.112438,1.951967,0.011451,0.990786,0.736941
udp_burst,wan_longhaul,TcpCubic,3,721.104583,0.000000,31.009637,0.000000,0.077244,0.000000,0.025355,0.999704,0.721105
udp_burst,wan_longhaul,TcpNewReno,3,598.493822,0.000000,28.805383,0.000000,0.184088,0.000000,0.015609,0.985684,0.598494
udp_burst,wan_longhaul,TcpSwift,3,736.101356,0.000000,39.790280,0.000000,0.000000,0.000000,0.046943,1.000000,0.736101
udp_burst,wan_metro,TcpBbr,3,715.373210,83.797049,5.499915,0.435924,0.000000,0.000000,0.006213,0.770264,0.715373
udp_burst,wan_metro,TcpCubic,3,800.250597,0.000000,6.683149,0.000000,0.000000,0.000000,0.044522,0.999940,0.800251
udp_burst,wan_metro,TcpNewReno,3,798.847799,0.000000,6.873795,0.000000,0.000000,0.000000,0.043985,0.999954,0.798848
udp_burst,wan_metro,TcpSwift,3,775.769351,0.000000,3.433815,0.000000,0.000000,0.000000,0.026934,0.947968,0.775769
udp_burst,wifi_n,TcpBbr,3,37.998845,0.215351,76.026937,6.388148,0.000000,0.000000,0.167867,0.999836,0.759977
udp_burst,wifi_n,TcpCubic,3,37.498667,0.000000,38.143780,0.000000,0.000000,0.000000,0.454797,0.999796,0.749973
udp_burst,wifi_n,TcpNewReno,3,35.817786,0.000000,37.719804,0.000000,0.000000,0.000000,0.423394,0.999610,0.716356
udp_burst,wifi_n,TcpSwift,3,34.150319,0.000000,31.820864,0.000000,0.000000,0.000000,0.432758,0.969386,0.683006
