Scenario,Protocol,Throughput (Mbps),Delay (ms),Jitter (ms),Loss (%)
asymmetric_high,TcpBbr,573.53,0.4528,0.0038,0.03
asymmetric_high,TcpCubic,582.40,0.4879,0.0046,0.03
asymmetric_high,TcpNewReno,562.93,0.4555,0.0024,0.03
asymmetric_high,TcpSwift,613.65,0.4531,0.0030,0.03
congested_heavy,TcpBbr,283.24,0.9130,0.0084,0.03
congested_heavy,TcpCubic,290.41,0.9992,0.0058,0.03
congested_heavy,TcpNewReno,282.02,0.9415,0.0075,0.03
congested_heavy,TcpSwift,306.07,0.9260,0.0066,0.03
congested_light,TcpBbr,2949.99,0.0971,0.0008,0.03
congested_light,TcpCubic,2994.16,0.1046,0.0006,0.03
congested_light,TcpNewReno,2866.58,0.0928,0.0011,0.02
congested_light,TcpSwift,3198.74,0.0955,0.0009,0.03
congested_medium,TcpBbr,1144.90,0.2229,0.0021,0.03
congested_medium,TcpCubic,1164.94,0.2351,0.0015,0.03
congested_medium,TcpNewReno,1119.54,0.2193,0.0025,0.02
congested_medium,TcpSwift,1235.25,0.2270,0.0020,0.03
cross_dc_wan,TcpBbr,574.26,5.4295,0.0395,0.03
cross_dc_wan,TcpCubic,587.31,5.4380,0.0464,0.03
cross_dc_wan,TcpNewReno,564.35,5.6244,0.0296,0.03
cross_dc_wan,TcpSwift,628.11,5.5046,0.0412,0.03
cross_pod_10g,TcpBbr,5774.42,0.1006,0.0009,0.03
cross_pod_10g,TcpCubic,5777.67,0.1026,0.0010,0.03
cross_pod_10g,TcpNewReno,5670.93,0.1047,0.0007,0.02
cross_pod_10g,TcpSwift,6346.46,0.1003,0.0008,0.03
cross_pod_20g,TcpBbr,12007.98,0.0817,0.0005,0.03
cross_pod_20g,TcpCubic,11927.09,0.0846,0.0006,0.03
cross_pod_20g,TcpNewReno,11746.30,0.0852,0.0007,0.02
cross_pod_20g,TcpSwift,12470.18,0.0840,0.0006,0.03
dc_100g,TcpBbr,59139.52,0.0082,0.0001,0.03
dc_100g,TcpCubic,60274.13,0.0085,0.0001,0.03
dc_100g,TcpNewReno,57464.17,0.0082,0.0001,0.02
dc_100g,TcpSwift,63543.83,0.0082,0.0001,0.03
dc_100m,TcpBbr,57.36,4.2386,0.0455,0.03
dc_100m,TcpCubic,57.51,4.4389,0.0174,0.02
dc_100m,TcpNewReno,55.58,4.0474,0.0329,0.02
dc_100m,TcpSwift,61.37,4.2171,0.0334,0.03
dc_500m,TcpBbr,293.30,0.8263,0.0034,0.03
dc_500m,TcpCubic,299.43,0.9103,0.0075,0.02
dc_500m,TcpNewReno,290.15,0.8402,0.0057,0.03
dc_500m,TcpSwift,319.72,0.8445,0.0050,0.02
dc_oversub_10to1,TcpBbr,580.81,0.4437,0.0038,0.03
dc_oversub_10to1,TcpCubic,577.07,0.4420,0.0021,0.03
dc_oversub_10to1,TcpNewReno,579.47,0.4675,0.0035,0.03
dc_oversub_10to1,TcpSwift,624.04,0.4458,0.0023,0.02
intra_rack_10g,TcpBbr,5878.72,0.0468,0.0005,0.02
intra_rack_10g,TcpCubic,5812.47,0.0463,0.0003,0.03
intra_rack_10g,TcpNewReno,5748.99,0.0459,0.0004,0.02
intra_rack_10g,TcpSwift,6289.95,0.0453,0.0004,0.02
intra_rack_25g,TcpBbr,14393.50,0.0201,0.0001,0.03
intra_rack_25g,TcpCubic,14609.78,0.0213,0.0001,0.03
intra_rack_25g,TcpNewReno,14325.30,0.0209,0.0002,0.03
intra_rack_25g,TcpSwift,15412.36,0.0205,0.0002,0.03
leaf_spine_20g,TcpBbr,11611.19,0.0295,0.0003,0.03
leaf_spine_20g,TcpCubic,11993.42,0.0320,0.0003,0.03
leaf_spine_20g,TcpNewReno,11425.94,0.0296,0.0002,0.03
leaf_spine_20g,TcpSwift,12788.13,0.0295,0.0003,0.03
leaf_spine_50g,TcpBbr,28782.67,0.0171,0.0002,0.03
leaf_spine_50g,TcpCubic,28900.29,0.0178,0.0001,0.03
leaf_spine_50g,TcpNewReno,28000.91,0.0171,0.0001,0.02
leaf_spine_50g,TcpSwift,31263.89,0.0169,0.0001,0.02
lte_good,TcpBbr,27.83,38.6864,0.3193,0.03
lte_good,TcpCubic,28.77,40.3389,0.4117,0.03
lte_good,TcpNewReno,27.96,40.2358,0.4267,0.03
lte_good,TcpSwift,30.87,39.0105,0.3964,0.03
lte_poor,TcpBbr,5.49,112.3715,1.2576,0.03
lte_poor,TcpCubic,5.59,115.8136,0.6859,0.03
lte_poor,TcpNewReno,5.41,114.1370,1.1415,0.03
lte_poor,TcpSwift,5.87,112.5934,1.0448,0.03
mixed_large_flow,TcpBbr,7374.98,0.0479,0.0004,0.03
mixed_large_flow,TcpCubic,7357.57,0.0481,0.0003,0.03
mixed_large_flow,TcpNewReno,7162.60,0.0471,0.0004,0.02
mixed_large_flow,TcpSwift,7803.09,0.0472,0.0003,0.02
mixed_small_flow,TcpBbr,1149.65,0.2240,0.0023,0.02
mixed_small_flow,TcpCubic,1175.40,0.2441,0.0030,0.03
mixed_small_flow,TcpNewReno,1122.16,0.2156,0.0024,0.02
mixed_small_flow,TcpSwift,1257.32,0.2284,0.0028,0.02
nr_5g_edge,TcpBbr,55.81,18.0697,0.1382,0.03
nr_5g_edge,TcpCubic,56.66,18.5603,0.1829,0.03
nr_5g_edge,TcpNewReno,55.92,19.1773,0.2070,0.03
nr_5g_edge,TcpSwift,61.52,18.4392,0.1852,0.02
nr_5g_embb,TcpBbr,281.42,7.7390,0.0565,0.03
nr_5g_embb,TcpCubic,283.53,7.9445,0.0529,0.03
nr_5g_embb,TcpNewReno,274.90,8.1851,0.0846,0.02
nr_5g_embb,TcpSwift,300.26,7.8462,0.0517,0.02
oversub_2to1_25g,TcpBbr,7228.60,0.0426,0.0004,0.03
oversub_2to1_25g,TcpCubic,7363.96,0.0457,0.0004,0.03
oversub_2to1_25g,TcpNewReno,7150.82,0.0428,0.0004,0.03
oversub_2to1_25g,TcpSwift,7940.75,0.0428,0.0003,0.03
oversub_2to1_50g,TcpBbr,14446.82,0.0265,0.0002,0.03
oversub_2to1_50g,TcpCubic,14495.19,0.0274,0.0002,0.03
oversub_2to1_50g,TcpNewReno,14261.65,0.0267,0.0003,0.03
oversub_2to1_50g,TcpSwift,15310.66,0.0265,0.0003,0.03
oversub_4to1_10g,TcpBbr,1479.63,0.1898,0.0012,0.03
oversub_4to1_10g,TcpCubic,1501.69,0.2003,0.0019,0.04
oversub_4to1_10g,TcpNewReno,1459.75,0.1896,0.0020,0.03
oversub_4to1_10g,TcpSwift,1619.70,0.1885,0.0019,0.03
oversub_4to1_40g,TcpBbr,5739.47,0.0484,0.0002,0.02
oversub_4to1_40g,TcpCubic,5884.33,0.0521,0.0004,0.03
oversub_4to1_40g,TcpNewReno,5630.56,0.0477,0.0005,0.02
oversub_4to1_40g,TcpSwift,6404.11,0.0489,0.0003,0.03
rdma_like_25g,TcpBbr,14620.71,0.0186,0.0002,0.03
rdma_like_25g,TcpCubic,14730.70,0.0195,0.0001,0.03
rdma_like_25g,TcpNewReno,14299.02,0.0184,0.0001,0.02
rdma_like_25g,TcpSwift,15567.80,0.0191,0.0002,0.03
rdma_like_50g,TcpBbr,29374.26,0.0106,0.0001,0.03
rdma_like_50g,TcpCubic,29833.91,0.0113,0.0001,0.03
rdma_like_50g,TcpNewReno,28934.99,0.0107,0.0001,0.03
rdma_like_50g,TcpSwift,31408.88,0.0107,0.0001,0.03
satellite_geo,TcpBbr,5.30,359.2770,2.9660,0.03
satellite_geo,TcpCubic,5.46,368.2888,3.8959,0.03
satellite_geo,TcpNewReno,5.17,373.7345,2.6578,0.03
satellite_geo,TcpSwift,5.91,360.7184,3.4915,0.03
satellite_leo,TcpBbr,82.25,31.5047,0.3514,0.03
satellite_leo,TcpCubic,83.22,32.3730,0.3540,0.03
satellite_leo,TcpNewReno,81.49,33.6117,0.3663,0.03
satellite_leo,TcpSwift,89.56,31.7042,0.3638,0.03
symmetric_low,TcpBbr,570.95,0.4391,0.0027,0.02
symmetric_low,TcpCubic,567.73,0.4375,0.0023,0.02
symmetric_low,TcpNewReno,563.50,0.4422,0.0021,0.02
symmetric_low,TcpSwift,621.58,0.4318,0.0024,0.02
wan_longhaul,TcpBbr,572.34,26.4225,0.2539,0.03
wan_longhaul,TcpCubic,566.28,26.3522,0.2966,0.03
wan_longhaul,TcpNewReno,547.41,27.2626,0.1326,0.03
wan_longhaul,TcpSwift,604.92,26.4934,0.2145,0.03
wan_metro,TcpBbr,564.01,2.5674,0.0264,0.03
wan_metro,TcpCubic,569.19,2.6023,0.0128,0.03
wan_metro,TcpNewReno,553.97,2.6830,0.0199,0.02
wan_metro,TcpSwift,601.07,2.5960,0.0200,0.02
wifi_ac,TcpBbr,220.72,7.9135,0.0683,0.03
wifi_ac,TcpCubic,226.27,8.1476,0.0492,0.03
wifi_ac,TcpNewReno,217.60,8.1990,0.0857,0.03
wifi_ac,TcpSwift,244.39,8.0117,0.0756,0.03
wifi_ax,TcpBbr,344.20,5.7072,0.0526,0.02
wifi_ax,TcpCubic,346.69,5.7772,0.0531,0.03
wifi_ax,TcpNewReno,334.38,5.8928,0.0444,0.02
wifi_ax,TcpSwift,372.85,5.7059,0.0535,0.02
wifi_legacy,TcpBbr,5.50,76.3941,1.0009,0.03
wifi_legacy,TcpCubic,5.63,80.6983,0.7924,0.03
wifi_legacy,TcpNewReno,5.48,78.1727,1.0334,0.03
wifi_legacy,TcpSwift,6.04,79.3558,0.9594,0.03
wifi_n,TcpBbr,27.77,22.4399,0.2033,0.03
wifi_n,TcpCubic,28.24,22.8408,0.2886,0.02
wifi_n,TcpNewReno,26.98,22.3740,0.1375,0.02
wifi_n,TcpSwift,30.60,22.3955,0.2237,0.02
